,window,ewm_window,sharpe_ratio
0,20,15,0.45031510662030283
1,20,20,0.47374527442600156
2,20,25,0.46887873444719236
3,20,30,0.48134730752557575
4,20,35,0.4825067064714456
5,20,40,0.48265505999278724
6,20,45,0.47759995787310366
7,20,50,0.493837693772529
8,20,55,0.47681413962849606
9,20,60,0.478576733965014
10,20,65,0.4921134828402393
11,20,70,0.5005544139896317
12,20,75,0.5027912341392731
13,20,80,0.5019068737668051
14,20,85,0.500833980305825
15,20,90,0.500518346371655
16,20,95,0.5020105412398931
17,20,100,0.5018820789634045
18,20,105,0.494429945616851
19,20,110,0.49318778359179954
20,20,115,0.4913197768327565
21,20,120,0.5431085548483915
22,20,125,0.5422230240557777
23,20,130,0.5353873499072683
24,20,135,0.5545937251332398
25,20,140,0.5538208379375598
26,20,145,0.5533441078931273
27,20,150,0.5568573719499966
28,20,155,0.5567233511501254
29,20,160,0.5586454879833543
30,20,165,0.5592621559346355
31,20,170,0.5606867229849514
32,20,175,0.5601464102488125
33,20,180,0.55758381548249
34,20,185,0.5570360942050252
35,20,190,0.5545112743472798
36,20,195,0.5517512084874739
37,25,15,0.4423472287213012
38,25,20,0.46204089781549773
39,25,25,0.4693807936899509
40,25,30,0.47602597111466705
41,25,35,0.47324283811224166
42,25,40,0.47766331139477886
43,25,45,0.4588972641759587
44,25,50,0.44924231241824925
45,25,55,0.4569515425627015
46,25,60,0.46593319520809734
47,25,65,0.4645039360060879
48,25,70,0.48344292949333156
49,25,75,0.4812880452085224
50,25,80,0.4787108957273997
51,25,85,0.4769208699182783
52,25,90,0.4777938308903735
53,25,95,0.4785990620583009
54,25,100,0.4771675544895615
55,25,105,0.4761615593132023
56,25,110,0.4727370101510821
57,25,115,0.4878278809689186
58,25,120,0.48924386026213995
59,25,125,0.49963802297424426
60,25,130,0.533649711262048
61,25,135,0.5345851311983164
62,25,140,0.5275818290172464
63,25,145,0.5296298767756363
64,25,150,0.5372741446191869
65,25,155,0.5371105160699268
66,25,160,0.5365836737168885
67,25,165,0.5365128633751767
68,25,170,0.5345642167594836
69,25,175,0.5358737318295657
70,25,180,0.5364419164582045
71,25,185,0.5376641628819057
72,25,190,0.5376000762317524
73,25,195,0.5331506392396405
74,30,15,0.4726155114002765
75,30,20,0.4849930952655527
76,30,25,0.4800367630250052
77,30,30,0.4944636295738701
78,30,35,0.48697545137628934
79,30,40,0.48593183440288606
80,30,45,0.47393853938741126
81,30,50,0.4521190126559824
82,30,55,0.4704512252163712
83,30,60,0.46737628408677145
84,30,65,0.48403550575390697
85,30,70,0.48259552062217004
86,30,75,0.48656399728648786
87,30,80,0.49080076590767263
88,30,85,0.4917055233003323
89,30,90,0.48915147701764283
90,30,95,0.4883677465606505
91,30,100,0.4884811578452461
92,30,105,0.48680219656747054
93,30,110,0.48712019835389275
94,30,115,0.5156700062479949
95,30,120,0.5123828144438001
96,30,125,0.5090832859176926
97,30,130,0.50858263897232
98,30,135,0.5081636803992826
99,30,140,0.5057198345703257
100,30,145,0.5056098385139214
101,30,150,0.5117578873095217
102,30,155,0.5204803497676033
103,30,160,0.5205136427394199
104,30,165,0.5134245320492467
105,30,170,0.5127439815238506
106,30,175,0.5109474241072215
107,30,180,0.5501431191900287
108,30,185,0.5533883153151216
109,30,190,0.5517950610618877
110,30,195,0.5518348926684099
111,35,15,0.46261440637695894
112,35,20,0.4669381213446074
113,35,25,0.47947551004525313
114,35,30,0.4713814609234294
115,35,35,0.470078276857161
116,35,40,0.46748264232373615
117,35,45,0.4576114808838024
118,35,50,0.44779000496946353
119,35,55,0.45220762743511805
120,35,60,0.44952491041837034
121,35,65,0.4577145248819239
122,35,70,0.4571431229526493
123,35,75,0.46593302064285524
124,35,80,0.47377538023636917
125,35,85,0.47181246854290304
126,35,90,0.4707705655571166
127,35,95,0.4735757855277801
128,35,100,0.47184917487661804
129,35,105,0.481425453693985
130,35,110,0.4840208903808372
131,35,115,0.4940278818938679
132,35,120,0.49331124655304204
133,35,125,0.49285070708114836
134,35,130,0.49350529453813435
135,35,135,0.4895237974334605
136,35,140,0.48902964548332206
137,35,145,0.4893087578850791
138,35,150,0.492813423455863
139,35,155,0.49992535866291604
140,35,160,0.49832782725232444
141,35,165,0.4986686135790686
142,35,170,0.4969730115992581
143,35,175,0.500977505987313
144,35,180,0.49994523229966076
145,35,185,0.5017234463827442
146,35,190,0.5013816020527944
147,35,195,0.4931690871601091
148,40,15,0.46536598098835275
149,40,20,0.4694194117319492
150,40,25,0.48473513461977746
151,40,30,0.46749520251506976
152,40,35,0.47114367141807617
153,40,40,0.4671250017231735
154,40,45,0.45866200738132246
155,40,50,0.45990124492341383
156,40,55,0.45662056732846024
157,40,60,0.4594784917389926
158,40,65,0.4586962642699595
159,40,70,0.45916124740928405
160,40,75,0.45058362397590623
161,40,80,0.4669191052172911
162,40,85,0.46748298926019854
163,40,90,0.4778971645179279
164,40,95,0.4810407946000978
165,40,100,0.4805853285047518
166,40,105,0.4851685708853691
167,40,110,0.49539601157515356
168,40,115,0.4948688008722754
169,40,120,0.4919712600835431
170,40,125,0.49140431509706817
171,40,130,0.4899868627293148
172,40,135,0.48907806672926835
173,40,140,0.4850796720442652
174,40,145,0.48073866617452554
175,40,150,0.47975266143117395
176,40,155,0.47742779828703485
177,40,160,0.48095487228791584
178,40,165,0.4806685408720677
179,40,170,0.4793388438551214
180,40,175,0.47997072219578263
181,40,180,0.4808529155705441
182,40,185,0.4816013196466566
183,40,190,0.48755078306898153
184,40,195,0.4894589281130461
185,45,15,0.46137310945122467
186,45,20,0.4728308883814271
187,45,25,0.47965595944950135
188,45,30,0.4706886001340637
189,45,35,0.46151253109329726
190,45,40,0.4622247517479043
191,45,45,0.45163684173364965
192,45,50,0.44306848205099203
193,45,55,0.4556007066501746
194,45,60,0.4511175974313507
195,45,65,0.4496266299068992
196,45,70,0.44621925318397015
197,45,75,0.45509045030621115
198,45,80,0.4654799189034687
199,45,85,0.4782392839657413
200,45,90,0.47937931040653586
201,45,95,0.4805002382868073
202,45,100,0.4795175680845752
203,45,105,0.478603964605629
204,45,110,0.4879176500773686
205,45,115,0.47917556253190696
206,45,120,0.47940058168061683
207,45,125,0.47929806588403107
208,45,130,0.4755635834138782
209,45,135,0.4764346942518708
210,45,140,0.4748890604198859
211,45,145,0.4756634416969544
212,45,150,0.47568488892788496
213,45,155,0.4723813816349107
214,45,160,0.4764477984378253
215,45,165,0.475155660883172
216,45,170,0.4747191925777758
217,45,175,0.47322610484844585
218,45,180,0.4748839068926758
219,45,185,0.47520832210915404
220,45,190,0.48208492643816575
221,45,195,0.48172019504372826
222,50,15,0.4604610484017048
223,50,20,0.47197074676219003
224,50,25,0.47550196120332966
225,50,30,0.4649662024287979
226,50,35,0.4658530851612058
227,50,40,0.47090898265139336
228,50,45,0.44747603055841306
229,50,50,0.4527637902437632
230,50,55,0.45600780816641573
231,50,60,0.45171962760511364
232,50,65,0.45195821726433133
233,50,70,0.4561740636333102
234,50,75,0.4676468329513267
235,50,80,0.46519205831141114
236,50,85,0.46620140255324966
237,50,90,0.46594350706017423
238,50,95,0.47308504948077357
239,50,100,0.47252997457367285
240,50,105,0.47955985166673637
241,50,110,0.47931449569994533
242,50,115,0.4844013123419346
243,50,120,0.4832046693097745
244,50,125,0.48297554450525776
245,50,130,0.4832332789418824
246,50,135,0.4857590149646318
247,50,140,0.48178643726183573
248,50,145,0.4804270139629311
249,50,150,0.47799104839668144
250,50,155,0.47761997770594344
251,50,160,0.47923942057836694
252,50,165,0.48191664569849596
253,50,170,0.4791106458366524
254,50,175,0.48091477347310574
255,50,180,0.4814755595378456
256,50,185,0.48018264219375933
257,50,190,0.4837365508060791
258,50,195,0.4826023277094586
259,55,15,0.4736653139527385
260,55,20,0.4778712024985074
261,55,25,0.47201266650368523
262,55,30,0.4711222679590072
263,55,35,0.4589888638917288
264,55,40,0.46548927667524215
265,55,45,0.4632199706615962
266,55,50,0.4513362126131996
267,55,55,0.4564601466303532
268,55,60,0.4570033817365222
269,55,65,0.45811224652834437
270,55,70,0.4556555383400428
271,55,75,0.46486047588162455
272,55,80,0.46590088472170155
273,55,85,0.4639349226090973
274,55,90,0.46940783222727656
275,55,95,0.47071176580588964
276,55,100,0.4711933886719644
277,55,105,0.4792391619889661
278,55,110,0.4772509814176453
279,55,115,0.4758187979975343
280,55,120,0.48548860560568863
281,55,125,0.48146648263036623
282,55,130,0.4833012431481549
283,55,135,0.48266832529830916
284,55,140,0.48201836963990996
285,55,145,0.4806220174637028
286,55,150,0.4808382972996421
287,55,155,0.48078336716555753
288,55,160,0.47757563154849064
289,55,165,0.4799697465899346
290,55,170,0.48130832199134377
291,55,175,0.4814468233976378
292,55,180,0.48124756523116136
293,55,185,0.4824704177435024
294,55,190,0.4826005908325829
295,55,195,0.4833038921872651
296,60,15,0.46304660638035394
297,60,20,0.46470812845761655
298,60,25,0.4590479809986708
299,60,30,0.4654432910491246
300,60,35,0.46596480896914816
301,60,40,0.4699112190963726
302,60,45,0.4574118264824778
303,60,50,0.4456072269710923
304,60,55,0.4513204389319306
305,60,60,0.44768272934154474
306,60,65,0.4477143635840341
307,60,70,0.4516456079271049
308,60,75,0.4479812762024248
309,60,80,0.4650366845454488
310,60,85,0.46398287043674125
311,60,90,0.46487592802058686
312,60,95,0.458535377485467
313,60,100,0.45909577312305144
314,60,105,0.4676668187027901
315,60,110,0.4676084107479974
316,60,115,0.46526414038091135
317,60,120,0.47244245507730276
318,60,125,0.4715460634520783
319,60,130,0.47029802184394165
320,60,135,0.4696026075572445
321,60,140,0.46973398574757275
322,60,145,0.4693407016095415
323,60,150,0.4687498072248215
324,60,155,0.46839667574365984
325,60,160,0.4695513334770981
326,60,165,0.47268640207692725
327,60,170,0.4726645043563319
328,60,175,0.47235268070360403
329,60,180,0.4715488768054618
330,60,185,0.472133778104778
331,60,190,0.4703211781728583
332,60,195,0.47232500133926364
333,65,15,0.4592721192535418
334,65,20,0.47007869038674305
335,65,25,0.46651127768660194
336,65,30,0.47730052041133914
337,65,35,0.46438437285257805
338,65,40,0.47615227460557563
339,65,45,0.47148941894230845
340,65,50,0.4661395940270683
341,65,55,0.4618580101913186
342,65,60,0.45541325967794405
343,65,65,0.455410299284777
344,65,70,0.4551872203928131
345,65,75,0.4656018479537945
346,65,80,0.4671071831949064
347,65,85,0.46185194316915323
348,65,90,0.47170515583840733
349,65,95,0.47196826684156445
350,65,100,0.4682911137141219
351,65,105,0.46903485906990966
352,65,110,0.4677620549934359
353,65,115,0.4683747884267998
354,65,120,0.4690830382531965
355,65,125,0.47489640278466233
356,65,130,0.4749459954377561
357,65,135,0.4748122103353799
358,65,140,0.4742537728955274
359,65,145,0.47368003856214735
360,65,150,0.47369967203039015
361,65,155,0.4733427786793284
362,65,160,0.4777865022457379
363,65,165,0.4788514347066117
364,65,170,0.47839071420312773
365,65,175,0.47746410395174277
366,65,180,0.4778653781447781
367,65,185,0.4780732555528311
368,65,190,0.4796229017811392
369,65,195,0.4797744000421819
370,70,15,0.4507192999875624
371,70,20,0.43493246194409774
372,70,25,0.4438043304074823
373,70,30,0.45207958296655504
374,70,35,0.4446314570849794
375,70,40,0.4508510498771415
376,70,45,0.44770490467547835
377,70,50,0.4407006530067099
378,70,55,0.4393214160249165
379,70,60,0.4324701218258762
380,70,65,0.43560295573008834
381,70,70,0.4401708913971994
382,70,75,0.437131537502795
383,70,80,0.43933743016102983
384,70,85,0.44030185351024403
385,70,90,0.4406836847862621
386,70,95,0.4344560605943589
387,70,100,0.4347874174698733
388,70,105,0.4324827109484713
389,70,110,0.4385517464768727
390,70,115,0.4380792029154173
391,70,120,0.43600768232355186
392,70,125,0.4366664478039417
393,70,130,0.43753034990468165
394,70,135,0.43842717414615834
395,70,140,0.44423053261191525
396,70,145,0.4444230891444355
397,70,150,0.44802011771290545
398,70,155,0.4471208162285415
399,70,160,0.4486082916403464
400,70,165,0.4489550623254967
401,70,170,0.44656673587123635
402,70,175,0.44638288234707285
403,70,180,0.4470494648257935
404,70,185,0.44874999812971395
405,70,190,0.4495852408843966
406,70,195,0.44725692930454464
407,75,15,0.45651146689827976
408,75,20,0.4515497165658274
409,75,25,0.4556654799788647
410,75,30,0.44590375067513305
411,75,35,0.4505729885311305
412,75,40,0.45995883757527206
413,75,45,0.46759169932706574
414,75,50,0.4650299736500752
415,75,55,0.460510946837923
416,75,60,0.45697598149249674
417,75,65,0.46628320723344496
418,75,70,0.4620174222473186
419,75,75,0.4545278528860266
420,75,80,0.453663240794172
421,75,85,0.4510857720153325
422,75,90,0.4506817182421208
423,75,95,0.44418280297239854
424,75,100,0.4430605127287674
425,75,105,0.4435479878157933
426,75,110,0.44288134137903573
427,75,115,0.4397354504545532
428,75,120,0.4386431039193585
429,75,125,0.4401985342457363
430,75,130,0.43950906835649506
431,75,135,0.43965473237287295
432,75,140,0.4402096913216383
433,75,145,0.44390479240987646
434,75,150,0.4517623794093074
435,75,155,0.45332166665004864
436,75,160,0.453714884568741
437,75,165,0.4527516607073872
438,75,170,0.4588908130618747
439,75,175,0.45720104814988105
440,75,180,0.45707328884935733
441,75,185,0.4559273539052576
442,75,190,0.4508809987934175
443,75,195,0.451734395983741
444,80,15,0.4632170627471586
445,80,20,0.45926919598387583
446,80,25,0.46189781357580845
447,80,30,0.4535413201021968
448,80,35,0.4568189644398208
449,80,40,0.46412467064941865
450,80,45,0.4764459669389552
451,80,50,0.4725133303104646
452,80,55,0.4663197650847363
453,80,60,0.46155828560209006
454,80,65,0.47134334322021915
455,80,70,0.47235629481046726
456,80,75,0.46765404337302063
457,80,80,0.4686176213640573
458,80,85,0.4688765598783439
459,80,90,0.4523030791476802
460,80,95,0.4491919685379175
461,80,100,0.4476562123433339
462,80,105,0.4477237595940613
463,80,110,0.44532983420478284
464,80,115,0.4437506927440364
465,80,120,0.4450499206985371
466,80,125,0.44415236726849006
467,80,130,0.44259002355660876
468,80,135,0.44353896702907625
469,80,140,0.4476677029531541
470,80,145,0.44918204140277646
471,80,150,0.4495511635865099
472,80,155,0.450377787904122
473,80,160,0.45018885232319095
474,80,165,0.44928295097610227
475,80,170,0.4475913274104877
476,80,175,0.44671740359053475
477,80,180,0.44017668825735395
478,80,185,0.4403996719670405
479,80,190,0.44016246809285026
480,80,195,0.43537427941106976
481,85,15,0.42089238970228593
482,85,20,0.4053713121051286
483,85,25,0.40186002666121845
484,85,30,0.4051138363669508
485,85,35,0.4051194417029536
486,85,40,0.4095734654670123
487,85,45,0.4141862012539432
488,85,50,0.40142977036058924
489,85,55,0.40817025179749894
490,85,60,0.38821846353790174
491,85,65,0.3867169539465894
492,85,70,0.3863246702020714
493,85,75,0.3845904492823677
494,85,80,0.37833493416701147
495,85,85,0.38591384940110735
496,85,90,0.3850834896021196
497,85,95,0.40298462042473593
498,85,100,0.3994762783128751
499,85,105,0.38188090244205514
500,85,110,0.38502178057243536
501,85,115,0.37931732251208
502,85,120,0.3807110266933481
503,85,125,0.38067521992354064
504,85,130,0.38057200087125054
505,85,135,0.3844014311025843
506,85,140,0.3846976868515958
507,85,145,0.38659979834244224
508,85,150,0.38654997476892167
509,85,155,0.3866735614401682
510,85,160,0.38537037044610245
511,85,165,0.3842992157849584
512,85,170,0.3838752367010848
513,85,175,0.38271597432063936
514,85,180,0.3775041463143644
515,85,185,0.3810004349946728
516,85,190,0.3759663496052441
517,85,195,0.39372082646333934
518,90,15,0.4221438831737547
519,90,20,0.4110992273910667
520,90,25,0.40565948446013356
521,90,30,0.41266779683161614
522,90,35,0.414028143399974
523,90,40,0.4138549948468065
524,90,45,0.41780163240631896
525,90,50,0.3951648652430709
526,90,55,0.39374101951754403
527,90,60,0.3921225476799111
528,90,65,0.3790943749934967
529,90,70,0.37841894967237555
530,90,75,0.3847453430865363
531,90,80,0.38399090643585293
532,90,85,0.38309031894257234
533,90,90,0.382266400959701
534,90,95,0.37721113453862515
535,90,100,0.37594418340778263
536,90,105,0.3758056538542269
537,90,110,0.37943012146575544
538,90,115,0.378112080806461
539,90,120,0.38714172723758156
540,90,125,0.38692674076111766
541,90,130,0.38974720088354015
542,90,135,0.3897080385386158
543,90,140,0.3761637857278199
544,90,145,0.378436944495482
545,90,150,0.3780080009233113
546,90,155,0.37653835229312566
547,90,160,0.3752279032190335
548,90,165,0.36928606654116924
549,90,170,0.3702564567728869
550,90,175,0.3704611482074845
551,90,180,0.3656271249326008
552,90,185,0.36723744948015546
553,90,190,0.37881794129548213
554,90,195,0.3774675368976885
555,95,15,0.40021593564944224
556,95,20,0.4048288677217323
557,95,25,0.41826448765588625
558,95,30,0.40752741837711076
559,95,35,0.4036631857100557
560,95,40,0.40898506405348073
561,95,45,0.4114037295242303
562,95,50,0.4088591204020485
563,95,55,0.4052747991519475
564,95,60,0.38955514195614993
565,95,65,0.3876095798271939
566,95,70,0.38956079100160973
567,95,75,0.38047384667301465
568,95,80,0.3806890479484294
569,95,85,0.3746201781502954
570,95,90,0.37464508749659786
571,95,95,0.37461188509429993
572,95,100,0.3728982118234236
573,95,105,0.37569187080725036
574,95,110,0.38131191622523053
575,95,115,0.38003514182517983
576,95,120,0.38374464739499387
577,95,125,0.38402768068638365
578,95,130,0.38385237737434386
579,95,135,0.3844311548169648
580,95,140,0.3872457918603126
581,95,145,0.3872749017134973
582,95,150,0.3855357767627057
583,95,155,0.3849219162610914
584,95,160,0.38399676386420595
585,95,165,0.38377949736274736
586,95,170,0.39255017180173046
587,95,175,0.39298211527134164
588,95,180,0.3866175513689915
589,95,185,0.3808674212460593
590,95,190,0.3920280754770751
591,95,195,0.40115368831647996
592,100,15,0.4085514954463038
593,100,20,0.4195397729866351
594,100,25,0.4076395032124307
595,100,30,0.40336131946589365
596,100,35,0.4004467658094993
597,100,40,0.39942721960099176
598,100,45,0.4051173186537709
599,100,50,0.4077465984153727
600,100,55,0.4063353718844597
601,100,60,0.4086264461750918
602,100,65,0.4076399532435984
603,100,70,0.4027323315075826
604,100,75,0.4037558550637299
605,100,80,0.403242299218123
606,100,85,0.39060503231004473
607,100,90,0.3893481613579873
608,100,95,0.38927595518524843
609,100,100,0.3891831217637374
610,100,105,0.38704827674611897
611,100,110,0.39151931137657203
612,100,115,0.3937132798974843
613,100,120,0.3928041761376097
614,100,125,0.39485617553045615
615,100,130,0.39481737109635817
616,100,135,0.395984769493877
617,100,140,0.3978593857814346
618,100,145,0.39774780803320714
619,100,150,0.39664388767209724
620,100,155,0.40041639986612787
621,100,160,0.39955911866410726
622,100,165,0.4038865849922788
623,100,170,0.4043074842151503
624,100,175,0.3990293282096009
625,100,180,0.3971668470912381
626,100,185,0.3925363924363682
627,100,190,0.392468642152336
628,100,195,0.3929739519672607
629,105,15,0.40303548264794753
630,105,20,0.40020801539679635
631,105,25,0.37874110061113364
632,105,30,0.39864292689398517
633,105,35,0.39357618617316253
634,105,40,0.39538986134550225
635,105,45,0.39842722479799497
636,105,50,0.40247855765367924
637,105,55,0.40224646627587723
638,105,60,0.4001339765291358
639,105,65,0.40065438432751593
640,105,70,0.4032482650660927
641,105,75,0.4025330947219245
642,105,80,0.40297583522220454
643,105,85,0.40133140426084923
644,105,90,0.4013826354139012
645,105,95,0.4015421234146985
646,105,100,0.40146810303525765
647,105,105,0.400480232589606
648,105,110,0.4043612981250784
649,105,115,0.40319539766892776
650,105,120,0.4013747175780718
651,105,125,0.40202319886591137
652,105,130,0.3939753861611804
653,105,135,0.39402653245353764
654,105,140,0.39477139501771835
655,105,145,0.39943333877020676
656,105,150,0.39982786125599673
657,105,155,0.40238756245620266
658,105,160,0.4030565589675458
659,105,165,0.40224766565107845
660,105,170,0.40083251614353227
661,105,175,0.40125551721336117
662,105,180,0.3952138473717926
663,105,185,0.40180293345546064
664,105,190,0.40180293345546064
665,105,195,0.41199859903646957
666,110,15,0.4084123163766894
667,110,20,0.3849445910873013
668,110,25,0.3917013940150571
669,110,30,0.410923448837504
670,110,35,0.40218149513217544
671,110,40,0.4051102513240319
672,110,45,0.403159503792938
673,110,50,0.40468199162323426
674,110,55,0.4052683072739026
675,110,60,0.40734753161012965
676,110,65,0.40803767819813136
677,110,70,0.4075102152709033
678,110,75,0.41378056129601365
679,110,80,0.4137833127369096
680,110,85,0.4120127204099271
681,110,90,0.4123422630866315
682,110,95,0.41298811303588795
683,110,100,0.415063156488243
684,110,105,0.4164969569486491
685,110,110,0.4156315115463185
686,110,115,0.41679536372566744
687,110,120,0.4164733363276695
688,110,125,0.4147200705715249
689,110,130,0.4160766040166028
690,110,135,0.4206019395544495
691,110,140,0.42225133220075906
692,110,145,0.427158872097652
693,110,150,0.4272656841112159
694,110,155,0.4281658168755889
695,110,160,0.42763423855824606
696,110,165,0.42485637516262637
697,110,170,0.42485637516262637
698,110,175,0.4247129986052771
699,110,180,0.4315117849242133
700,110,185,0.4292805590300179
701,110,190,0.43918808033094725
702,110,195,0.448021989982165
703,115,15,0.39771273324383427
704,115,20,0.3947959502650626
705,115,25,0.39894466885564844
706,115,30,0.3948047526779783
707,115,35,0.39703549691637
708,115,40,0.4054056412518692
709,115,45,0.40455726313299795
710,115,50,0.4049251135424325
711,115,55,0.40669019669485784
712,115,60,0.40354118234659647
713,115,65,0.4094808507319018
714,115,70,0.40983556995246057
715,115,75,0.407648788678551
716,115,80,0.40937446706634445
717,115,85,0.41266924220403134
718,115,90,0.4119994259072716
719,115,95,0.41625088074353056
720,115,100,0.4136934114953645
721,115,105,0.4176762184151823
722,115,110,0.4175955909985537
723,115,115,0.417181099826919
724,115,120,0.4211135172981372
725,115,125,0.4194694848004607
726,115,130,0.42307871724863816
727,115,135,0.426262635866597
728,115,140,0.4260481826915395
729,115,145,0.4275441968799359
730,115,150,0.4288727951130798
731,115,155,0.42852391972807924
732,115,160,0.42850551469498804
733,115,165,0.42649480005431645
734,115,170,0.4259353662969806
735,115,175,0.42083358622440736
736,115,180,0.4473711867683499
737,115,185,0.4461114499241072
738,115,190,0.45086453054707704
739,115,195,0.45050530630452196
740,120,15,0.3932589767677314
741,120,20,0.3984302747944349
742,120,25,0.3888108960434611
743,120,30,0.3778221275052638
744,120,35,0.37763309259107836
745,120,40,0.3950851597705744
746,120,45,0.39345486977081745
747,120,50,0.39197004596671436
748,120,55,0.39272500158689155
749,120,60,0.3921211507744476
750,120,65,0.3982537435869692
751,120,70,0.3976556609606453
752,120,75,0.3959078640485718
753,120,80,0.3941268874076017
754,120,85,0.3943999551780784
755,120,90,0.3976432337130593
756,120,95,0.39787202470547384
757,120,100,0.40014304892952923
758,120,105,0.4050975284283605
759,120,110,0.4048643873539595
760,120,115,0.41183060442354485
761,120,120,0.413402682537238
762,120,125,0.41024713505829413
763,120,130,0.4102047284655466
764,120,135,0.41284043185792857
765,120,140,0.4136261776723859
766,120,145,0.4147529700599745
767,120,150,0.41599768539816434
768,120,155,0.41605967714380016
769,120,160,0.41623299265771946
770,120,165,0.41379508615046956
771,120,170,0.42663415801790755
772,120,175,0.43381451261030984
773,120,180,0.4335387506119046
774,120,185,0.4416725761373531
775,120,190,0.44110792662283643
776,120,195,0.4370857247291724
777,125,15,0.40051463555142003
778,125,20,0.39861310654489035
779,125,25,0.391878562183054
780,125,30,0.39099200171695886
781,125,35,0.3711305766289507
782,125,40,0.3748048270857599
783,125,45,0.38573762700223824
784,125,50,0.39149250231957894
785,125,55,0.39235728827394095
786,125,60,0.39685104247880204
787,125,65,0.39706302235170043
788,125,70,0.39484953345882046
789,125,75,0.3951624353464023
790,125,80,0.3931805098569091
791,125,85,0.39624519127907676
792,125,90,0.3977608102679754
793,125,95,0.4006303651833702
794,125,100,0.40134890732543177
795,125,105,0.4080195387862612
796,125,110,0.40654402262864536
797,125,115,0.40764545298153415
798,125,120,0.40654458503024193
799,125,125,0.40603865088020274
800,125,130,0.40570930744376416
801,125,135,0.40705572477503077
802,125,140,0.40848233357865543
803,125,145,0.41032188014923554
804,125,150,0.4156873714167678
805,125,155,0.41531581133890894
806,125,160,0.42950942451906754
807,125,165,0.4268292090236336
808,125,170,0.42281043974883353
809,125,175,0.4335714940808883
810,125,180,0.43372203409736737
811,125,185,0.4408321537238032
812,125,190,0.4408261415705681
813,125,195,0.4408261415705681
814,130,15,0.3979461363185541
815,130,20,0.40068654607055104
816,130,25,0.38950143274149385
817,130,30,0.38778733390421133
818,130,35,0.3810054772431527
819,130,40,0.38358468559672276
820,130,45,0.38248257016177495
821,130,50,0.3760958363818532
822,130,55,0.3760741259113359
823,130,60,0.3748840611703624
824,130,65,0.3765798258779576
825,130,70,0.37661254513917314
826,130,75,0.3751787180417419
827,130,80,0.37551419180832574
828,130,85,0.37913873926017577
829,130,90,0.3784898260735956
830,130,95,0.3872331671616316
831,130,100,0.38689708785818017
832,130,105,0.3856461202211052
833,130,110,0.38607816956674296
834,130,115,0.38594801165229825
835,130,120,0.38719116160410505
836,130,125,0.38576079761411247
837,130,130,0.38717532404794963
838,130,135,0.3867631492864025
839,130,140,0.38915927597237826
840,130,145,0.3983961104956748
841,130,150,0.4023102135102913
842,130,155,0.402805988780323
843,130,160,0.40090613190430946
844,130,165,0.40060351155035145
845,130,170,0.407191423908569
846,130,175,0.40723144155703395
847,130,180,0.40621020625112003
848,130,185,0.41265900744300155
849,130,190,0.41271435356291675
850,130,195,0.4141494242249925
851,135,15,0.39671189559085795
852,135,20,0.39752902807074697
853,135,25,0.3913919747661062
854,135,30,0.3875619868737267
855,135,35,0.3795555032562504
856,135,40,0.3921504805029577
857,135,45,0.3896046333572476
858,135,50,0.38926183366705414
859,135,55,0.3885385030082489
860,135,60,0.38832266316593966
861,135,65,0.38879821344308435
862,135,70,0.39080694005417205
863,135,75,0.38831540651190094
864,135,80,0.3945191036930011
865,135,85,0.3970926098307525
866,135,90,0.3997761843145586
867,135,95,0.4003990257396034
868,135,100,0.40009818448968004
869,135,105,0.39980153949691294
870,135,110,0.39964779700613157
871,135,115,0.40031432556073276
872,135,120,0.4000949369435532
873,135,125,0.3990851920273368
874,135,130,0.41015146208561176
875,135,135,0.4101808036128352
876,135,140,0.4121692614065588
877,135,145,0.41660296195712465
878,135,150,0.4153021282776682
879,135,155,0.4138805766752431
880,135,160,0.4131171999549566
881,135,165,0.4131619479889156
882,135,170,0.42042190783669176
883,135,175,0.4206182895113616
884,135,180,0.42701934989354784
885,135,185,0.42701798196589147
886,135,190,0.4285479052103111
887,135,195,0.42912924683662534
888,140,15,0.4060943213902963
889,140,20,0.4025764205853893
890,140,25,0.40398527681241925
891,140,30,0.4011923587539234
892,140,35,0.3968787133658942
893,140,40,0.3969502404920984
894,140,45,0.39429088244998706
895,140,50,0.3944537943103255
896,140,55,0.3943241888600972
897,140,60,0.39749201866729694
898,140,65,0.3975665292358612
899,140,70,0.3968383435982467
900,140,75,0.4003013205010634
901,140,80,0.40007181550562665
902,140,85,0.40583154869026666
903,140,90,0.4058179268784838
904,140,95,0.405342628626142
905,140,100,0.40545219153548384
906,140,105,0.4051415080623646
907,140,110,0.4053426245905336
908,140,115,0.4053861768098015
909,140,120,0.41502920835718193
910,140,125,0.41505121404311635
911,140,130,0.4145502516619262
912,140,135,0.41581365522687613
913,140,140,0.4199412006179137
914,140,145,0.4204454240812693
915,140,150,0.4206286112262981
916,140,155,0.41841459785229185
917,140,160,0.41830469958397076
918,140,165,0.4156286456697061
919,140,170,0.42669418105820567
920,140,175,0.4346442207969149
921,140,180,0.4333371897504715
922,140,185,0.4348598825908819
923,140,190,0.4347474459247593
924,140,195,0.4346650753617777
925,145,15,0.4151940338031876
926,145,20,0.41111849875877904
927,145,25,0.4098895019221573
928,145,30,0.40235626370536676
929,145,35,0.40605686453817286
930,145,40,0.40435909069222753
931,145,45,0.40577432419547604
932,145,50,0.4062049961715812
933,145,55,0.40427145341225873
934,145,60,0.4060284120905196
935,145,65,0.4068619641325554
936,145,70,0.4066361578468746
937,145,75,0.40673923348374147
938,145,80,0.41034585934834644
939,145,85,0.4115286189684683
940,145,90,0.4111892498803683
941,145,95,0.411143715746562
942,145,100,0.41003405483967054
943,145,105,0.41041724973074745
944,145,110,0.4108892239294396
945,145,115,0.42073061630027275
946,145,120,0.42126296141145175
947,145,125,0.41965118526148837
948,145,130,0.421367712234891
949,145,135,0.42542551778827836
950,145,140,0.4262536805157268
951,145,145,0.4269172672119246
952,145,150,0.42569629908643364
953,145,155,0.42421944493784686
954,145,160,0.42028339631590667
955,145,165,0.4320902262480489
956,145,170,0.4318749778082295
957,145,175,0.4395735007844221
958,145,180,0.4410011837129298
959,145,185,0.44079138406425916
960,145,190,0.43908127961971677
961,145,195,0.4388100160686504
962,150,15,0.40897636876449356
963,150,20,0.4099671188745804
964,150,25,0.4071011959776082
965,150,30,0.4013916347711222
966,150,35,0.40651351940395475
967,150,40,0.4028656236926653
968,150,45,0.4045046417527949
969,150,50,0.40531363181929053
970,150,55,0.4034386779379401
971,150,60,0.40358738592955057
972,150,65,0.40565484171435556
973,150,70,0.4031395711035746
974,150,75,0.40882704499624895
975,150,80,0.41010139862224004
976,150,85,0.40863587829975284
977,150,90,0.4092294083408222
978,150,95,0.4080897011823838
979,150,100,0.40808581503588315
980,150,105,0.4079779455709904
981,150,110,0.4176188026470265
982,150,115,0.4186575145638036
983,150,120,0.41819957557721815
984,150,125,0.41893790977971845
985,150,130,0.4242952245563074
986,150,135,0.42414493309458273
987,150,140,0.4236234087161571
988,150,145,0.4238261869339437
989,150,150,0.4218385879527817
990,150,155,0.4162727146783229
991,150,160,0.4271158160119512
992,150,165,0.42791752166717045
993,150,170,0.4366607729720754
994,150,175,0.4355064518194126
995,150,180,0.4371787888465955
996,150,185,0.4367422736106399
997,150,190,0.4373422461384937
998,150,195,0.4463224600075128
999,155,15,0.36019317354393415
1000,155,20,0.36042568502379146
1001,155,25,0.3570003186292716
1002,155,30,0.3518252028016034
1003,155,35,0.35527849101256953
1004,155,40,0.35601041451610765
1005,155,45,0.35579671946049
1006,155,50,0.35508618176766876
1007,155,55,0.3553006639770151
1008,155,60,0.3560310892710135
1009,155,65,0.355479080565452
1010,155,70,0.3562700308736591
1011,155,75,0.36122526215709655
1012,155,80,0.36069234883845913
1013,155,85,0.3594733119130034
1014,155,90,0.3589729937323149
1015,155,95,0.3587608415097705
1016,155,100,0.35807482108891997
1017,155,105,0.36762675535836703
1018,155,110,0.3684901133963291
1019,155,115,0.3694003796690341
1020,155,120,0.37353547547800486
1021,155,125,0.37355867772128
1022,155,130,0.37148749354264254
1023,155,135,0.37162778855337036
1024,155,140,0.37165325573150215
1025,155,145,0.37105585806383423
1026,155,150,0.37028704686067226
1027,155,155,0.3759751659506329
1028,155,160,0.38359154138874446
1029,155,165,0.3841657990790722
1030,155,170,0.38349611749064855
1031,155,175,0.3848922890095053
1032,155,180,0.38485514769895535
1033,155,185,0.3851664352824504
1034,155,190,0.39421358111336424
1035,155,195,0.3940282343991841
1036,160,15,0.3648565162672834
1037,160,20,0.36612453090518593
1038,160,25,0.3651518119378601
1039,160,30,0.36400397014195696
1040,160,35,0.3632484694856872
1041,160,40,0.36270030675870935
1042,160,45,0.36232254806254477
1043,160,50,0.36224588132064683
1044,160,55,0.3642835648118975
1045,160,60,0.3626084280172163
1046,160,65,0.36186368995036977
1047,160,70,0.36904519895669563
1048,160,75,0.36785220500603244
1049,160,80,0.36671402178569673
1050,160,85,0.36667004504987094
1051,160,90,0.36607967205160435
1052,160,95,0.36561720989194413
1053,160,100,0.37518297380426413
1054,160,105,0.37855304627169367
1055,160,110,0.37857559880496033
1056,160,115,0.3798224711516038
1057,160,120,0.38005648707461215
1058,160,125,0.3794717018063857
1059,160,130,0.3794906138735429
1060,160,135,0.3792328600564517
1061,160,140,0.3787546931695742
1062,160,145,0.37895580137539736
1063,160,150,0.3839914677594008
1064,160,155,0.3917819389867235
1065,160,160,0.39178965080107525
1066,160,165,0.39105051458800594
1067,160,170,0.3916542602241857
1068,160,175,0.39317596526480175
1069,160,180,0.3937402206270507
1070,160,185,0.4028135756398499
1071,160,190,0.4023121599943206
1072,160,195,0.3985051072517032
1073,165,15,0.36968183483339334
1074,165,20,0.3724213082589613
1075,165,25,0.37113757941129827
1076,165,30,0.3666799805424928
1077,165,35,0.36761449011246683
1078,165,40,0.3682825796958909
1079,165,45,0.36636627782819187
1080,165,50,0.36662191482324763
1081,165,55,0.36755137264654414
1082,165,60,0.3682819165325174
1083,165,65,0.3737411371850831
1084,165,70,0.3724330974883099
1085,165,75,0.37182216226021475
1086,165,80,0.3704515029120294
1087,165,85,0.37012668249080843
1088,165,90,0.3698826366420189
1089,165,95,0.38280675626915006
1090,165,100,0.38361419841565586
1091,165,105,0.3851730374745531
1092,165,110,0.3862530885613714
1093,165,115,0.3852141158268314
1094,165,120,0.38465301519916895
1095,165,125,0.38434142338027305
1096,165,130,0.3842180467283495
1097,165,135,0.3839121298061634
1098,165,140,0.38430362909547333
1099,165,145,0.3906721324972747
1100,165,150,0.3971434591318371
1101,165,155,0.3976338278592496
1102,165,160,0.397435887689421
1103,165,165,0.39672109499456487
1104,165,170,0.39748362652417685
1105,165,175,0.40876408945116105
1106,165,180,0.4088401033211603
1107,165,185,0.4080837305582753
1108,165,190,0.40438214402360506
1109,165,195,0.40473474469240983
1110,170,15,0.3493243662562974
1111,170,20,0.34830617609948655
1112,170,25,0.3481894231919437
1113,170,30,0.343135177416185
1114,170,35,0.34461583244213767
1115,170,40,0.34437597283049143
1116,170,45,0.3430289306627458
1117,170,50,0.3458733775565297
1118,170,55,0.3457225602843409
1119,170,60,0.3486844310391801
1120,170,65,0.34879464596276427
1121,170,70,0.3479253315395568
1122,170,75,0.3482686804371649
1123,170,80,0.3479733875805773
1124,170,85,0.3479038044264494
1125,170,90,0.35980938295118636
1126,170,95,0.36011441601051697
1127,170,100,0.36181143030566765
1128,170,105,0.3629544455398098
1129,170,110,0.3617663558518937
1130,170,115,0.36156703484986485
1131,170,120,0.3604213229422855
1132,170,125,0.360336347804603
1133,170,130,0.36032534459893495
1134,170,135,0.3606097326537512
1135,170,140,0.3736893205728202
1136,170,145,0.37409157113986635
1137,170,150,0.3735610311656223
1138,170,155,0.373417234791161
1139,170,160,0.37267083306792764
1140,170,165,0.37314750607955655
1141,170,170,0.38406315969567884
1142,170,175,0.38353837663200296
1143,170,180,0.38367805181537146
1144,170,185,0.38027368860621424
1145,170,190,0.380335972422496
1146,170,195,0.380378303140434
1147,175,15,0.3508278963567493
1148,175,20,0.3484976925551391
1149,175,25,0.3478435359959964
1150,175,30,0.34197459805671665
1151,175,35,0.3458179640218662
1152,175,40,0.34453453407867796
1153,175,45,0.34461002999678414
1154,175,50,0.3468923143030721
1155,175,55,0.3464312622704722
1156,175,60,0.3497444490055116
1157,175,65,0.34803991107124116
1158,175,70,0.34816388064907833
1159,175,75,0.34912917702083385
1160,175,80,0.34896692396870943
1161,175,85,0.36103585254229636
1162,175,90,0.36180274455589534
1163,175,95,0.362299278588604
1164,175,100,0.3627910679958567
1165,175,105,0.36367125656643534
1166,175,110,0.36195265699020945
1167,175,115,0.36041810830608906
1168,175,120,0.36132111759217855
1169,175,125,0.3613669829071719
1170,175,130,0.3613788786927503
1171,175,135,0.37451585477313376
1172,175,140,0.37493150088210636
1173,175,145,0.37482982485133276
1174,175,150,0.37407327076278374
1175,175,155,0.37363654386294015
1176,175,160,0.3831581142893712
1177,175,165,0.38315112417210345
1178,175,170,0.3844285488221626
1179,175,175,0.3814129813129586
1180,175,180,0.38143449199037355
1181,175,185,0.38123823190091033
1182,175,190,0.3932887627638182
1183,175,195,0.395502476321902
1184,180,15,0.35197672708599353
1185,180,20,0.3502208727930613
1186,180,25,0.3486625434325205
1187,180,30,0.3445175254089776
1188,180,35,0.34521898349897073
1189,180,40,0.34532304196043223
1190,180,45,0.3475999418886137
1191,180,50,0.34918417920330524
1192,180,55,0.3501611149761599
1193,180,60,0.34987022766657383
1194,180,65,0.3495576593075169
1195,180,70,0.35045105362844214
1196,180,75,0.3614007397697589
1197,180,80,0.36243806334821166
1198,180,85,0.36241388640459193
1199,180,90,0.3626853959691781
1200,180,95,0.3636079666150681
1201,180,100,0.3637805954401117
1202,180,105,0.3619200643019881
1203,180,110,0.3620207970463612
1204,180,115,0.3621225674701881
1205,180,120,0.3623850450230804
1206,180,125,0.3623896209028428
1207,180,130,0.370291094271688
1208,180,135,0.3756266643275623
1209,180,140,0.3761981999635104
1210,180,145,0.37619399852815927
1211,180,150,0.37452741137248624
1212,180,155,0.3839998818218025
1213,180,160,0.383661714642524
1214,180,165,0.38031026422360403
1215,180,170,0.3820003212331805
1216,180,175,0.39423491915635855
1217,180,180,0.39387449801529295
1218,180,185,0.3939435632336711
1219,180,190,0.39400310251468834
1220,180,195,0.392749102148705
1221,185,15,0.37853280379324417
1222,185,20,0.3780752228566158
1223,185,25,0.3739920834840025
1224,185,30,0.3686504231636374
1225,185,35,0.36856792985110753
1226,185,40,0.3725380593665421
1227,185,45,0.3725886350915722
1228,185,50,0.3742309196079207
1229,185,55,0.37381174803456824
1230,185,60,0.3730872476278319
1231,185,65,0.3726183656804674
1232,185,70,0.3872476464950781
1233,185,75,0.3879620797773556
1234,185,80,0.3869786051185289
1235,185,85,0.38714788459983934
1236,185,90,0.3883177106394042
1237,185,95,0.38680555359929397
1238,185,100,0.3864128317438727
1239,185,105,0.3875196988632566
1240,185,110,0.3877756475545283
1241,185,115,0.38823253904850646
1242,185,120,0.38823253904850646
1243,185,125,0.3889623576306707
1244,185,130,0.3935293277534784
1245,185,135,0.4030636901078425
1246,185,140,0.4031682759720266
1247,185,145,0.401330403111077
1248,185,150,0.3967047281038472
1249,185,155,0.4063696512286913
1250,185,160,0.4198843617785325
1251,185,165,0.41988306878498555
1252,185,170,0.4213960315960629
1253,185,175,0.4221865028118482
1254,185,180,0.42189622412117816
1255,185,185,0.42199246006470253
1256,185,190,0.4211139449969321
1257,185,195,0.42248480540320416
1258,190,15,0.4109934906159266
1259,190,20,0.40925834205554673
1260,190,25,0.40227285580080596
1261,190,30,0.3957853074212232
1262,190,35,0.393544383725025
1263,190,40,0.3927926622407878
1264,190,45,0.3958627787965378
1265,190,50,0.3958892619208385
1266,190,55,0.39252298983321027
1267,190,60,0.40779664729581805
1268,190,65,0.40877057062409566
1269,190,70,0.40909190617214697
1270,190,75,0.40833468063821693
1271,190,80,0.4088760631270272
1272,190,85,0.40813565496330295
1273,190,90,0.4077927114382278
1274,190,95,0.4063645204023958
1275,190,100,0.4078890287530005
1276,190,105,0.40798891356367023
1277,190,110,0.40891208227869114
1278,190,115,0.4085670643227647
1279,190,120,0.4087442320124474
1280,190,125,0.4179211396570112
1281,190,130,0.4242935187782599
1282,190,135,0.42375807403484334
1283,190,140,0.4342631825780494
1284,190,145,0.4360491111238423
1285,190,150,0.443896764424834
1286,190,155,0.4432099374173623
1287,190,160,0.4421423542665626
1288,190,165,0.4430465064307628
1289,190,170,0.44556970992265277
1290,190,175,0.44559324958830426
1291,190,180,0.44662973112158394
1292,190,185,0.44607474437788525
1293,190,190,0.446927280850823
1294,190,195,0.43699626471520225
1295,195,15,0.463485717867035
1296,195,20,0.46286769047627724
1297,195,25,0.4606506486028527
1298,195,30,0.414896122388169
1299,195,35,0.39961296249177847
1300,195,40,0.40413360685136673
1301,195,45,0.3541689126890427
1302,195,50,0.3679983506517178
1303,195,55,0.3682609563674751
1304,195,60,0.36819502292414136
1305,195,65,0.3675359599010763
1306,195,70,0.35159727008547953
1307,195,75,0.3498149205425142
1308,195,80,0.3500941072880474
1309,195,85,0.35022162379914606
1310,195,90,0.35030228852125195
1311,195,95,0.34964748959434555
1312,195,100,0.35079133200974744
1313,195,105,0.35122278977503957
1314,195,110,0.35126182868153377
1315,195,115,0.350688651016221
1316,195,120,0.3508161614272921
1317,195,125,0.367933141746392
1318,195,130,0.3743144117569162
1319,195,135,0.3732405583268574
1320,195,140,0.3731589548814378
1321,195,145,0.3733226955122911
1322,195,150,0.38004698997643693
1323,195,155,0.38082122026057996
1324,195,160,0.3799117242485085
1325,195,165,0.37920970250727926
1326,195,170,0.38212494801374014
1327,195,175,0.3825288209744226
1328,195,180,0.3750256307291382
1329,195,185,0.3738272551390381
1330,195,190,0.36218041602174733
1331,195,195,0.3623226886355915
