Date,HIGH,CLOSE,LOW,OPEN
2010-01-04,3.904,3.823,3.808,3.858
2010-01-05,3.831,3.765,3.749,3.825
2010-01-06,3.839,3.829,3.761,3.767
2010-01-07,3.861,3.827,3.8,3.829
2010-01-08,3.859,3.836,3.775,3.827
2010-01-11,3.848,3.82,3.796,3.804
2010-01-12,3.81,3.717,3.707,3.808
2010-01-13,3.795,3.793,3.709,3.715
2010-01-14,3.801,3.742,3.709,3.781
2010-01-15,3.744,3.676,3.657,3.742
2010-01-19,3.729,3.7,3.644,3.667
2010-01-20,3.704,3.653,3.636,3.702
2010-01-21,3.688,3.595,3.592,3.649
2010-01-22,3.632,3.601,3.58,3.601
2010-01-25,3.654,3.63,3.611,3.621
2010-01-26,3.642,3.621,3.563,3.632
2010-01-27,3.656,3.65,3.576,3.628
2010-01-28,3.696,3.642,3.638,3.659
2010-01-29,3.695,3.588,3.582,3.636
2010-02-01,3.668,3.656,3.598,3.606
2010-02-02,3.675,3.639,3.633,3.664
2010-02-03,3.709,3.707,3.644,3.65
2010-02-04,3.711,3.61,3.588,3.697
2010-02-05,3.645,3.571,3.537,3.617
2010-02-08,3.606,3.562,3.5616,3.579
2010-02-09,3.647,3.641,3.563,3.566
2010-02-10,3.711,3.69,3.614,3.651
2010-02-11,3.765,3.721,3.685,3.715
2010-02-12,3.727,3.695,3.668,3.727
2010-02-16,3.727,3.663,3.657,3.697
2010-02-17,3.755,3.738,3.67,3.676
2010-02-18,3.82,3.807,3.71,3.727
2010-02-19,3.828,3.776,3.773,3.818
2010-02-22,3.807,3.796,3.778,3.784
2010-02-23,3.803,3.689,3.683,3.797
2010-02-24,3.716,3.693,3.659,3.697
2010-02-25,3.702,3.634,3.629,3.7
2010-02-26,3.657,3.619,3.585,3.64
2010-03-01,3.64,3.608,3.595,3.625
2010-03-02,3.653,3.61,3.606,3.615
2010-03-03,3.655,3.621,3.604,3.614
2010-03-04,3.653,3.606,3.593,3.623
2010-03-05,3.702,3.685,3.6,3.608
2010-03-08,3.731,3.721,3.689,3.693
2010-03-09,3.723,3.701,3.678,3.718
2010-03-10,3.748,3.721,3.693,3.704
2010-03-11,3.752,3.727,3.706,3.729
2010-03-12,3.781,3.703,3.685,3.737
2010-03-15,3.731,3.697,3.691,3.712
2010-03-16,3.716,3.653,3.647,3.699
2010-03-17,3.668,3.642,3.628,3.653
2010-03-18,3.682,3.676,3.619,3.645
2010-03-19,3.712,3.693,3.649,3.682
2010-03-22,3.716,3.661,3.657,3.689
2010-03-23,3.691,3.689,3.647,3.666
2010-03-24,3.856,3.851,3.682,3.685
2010-03-25,3.928,3.882,3.822,3.845
2010-03-26,3.901,3.851,3.847,3.868
2010-03-29,3.889,3.868,3.847,3.87
2010-03-30,3.901,3.859,3.853,3.866
2010-03-31,3.872,3.833,3.818,3.866
2010-04-01,3.888,3.868,3.826,3.839
2010-04-02,3.952,3.943,3.859,3.87
2010-04-05,4.013,3.988,3.941,3.943
2010-04-06,3.98,3.956,3.937,3.972
2010-04-07,3.968,3.863,3.857,3.954
2010-04-08,3.898,3.89,3.838,3.867
2010-04-09,3.927,3.882,3.875,3.894
2010-04-12,3.925,3.838,3.83,3.918
2010-04-13,3.848,3.82,3.801,3.848
2010-04-14,3.869,3.865,3.803,3.826
2010-04-15,3.891,3.836,3.826,3.861
2010-04-16,3.84,3.77,3.759,3.834
2010-04-19,3.807,3.803,3.739,3.743
2010-04-20,3.825,3.797,3.792,3.793
2010-04-21,3.817,3.743,3.736,3.797
2010-04-22,3.784,3.77,3.711,3.743
2010-04-23,3.833,3.817,3.759,3.769
2010-04-26,3.84,3.809,3.78,3.823
2010-04-27,3.809,3.693,3.674,3.805
2010-04-28,3.778,3.767,3.674,3.693
2010-04-29,3.788,3.732,3.726,3.765
2010-04-30,3.755,3.659,3.655,3.728
2010-05-03,3.713,3.692,3.657,3.663
2010-05-04,3.711,3.598,3.592,3.684
2010-05-05,3.619,3.546,3.488,3.592
2010-05-06,3.592,3.405,3.266,3.556
2010-05-07,3.516,3.42,3.297,3.398
2010-05-10,3.607,3.541,3.488,3.488
2010-05-11,3.577,3.531,3.465,3.533
2010-05-12,3.584,3.571,3.495,3.522
2010-05-13,3.609,3.537,3.524,3.577
2010-05-14,3.545,3.457,3.413,3.522
2010-05-17,3.494,3.491,3.381,3.453
2010-05-18,3.5,3.353,3.348,3.476
2010-05-19,3.398,3.37,3.311,3.326
2010-05-20,3.374,3.216,3.198,3.368
2010-05-21,3.26,3.236,3.102,3.229
2010-05-24,3.238,3.198,3.161,3.238
2010-05-25,3.198,3.16,3.064,3.194
2010-05-26,3.267,3.192,3.151,3.187
2010-05-27,3.364,3.357,3.19,3.194
2010-05-28,3.349,3.303,3.294,3.348
2010-06-01,3.316,3.263,3.226,3.3
2010-06-02,3.349,3.347,3.256,3.276
2010-06-03,3.427,3.369,3.325,3.336
2010-06-04,3.381,3.208,3.19,3.373
2010-06-07,3.244,3.146,3.137,3.175
2010-06-08,3.195,3.189,3.142,3.162
2010-06-09,3.244,3.178,3.175,3.197
2010-06-10,3.327,3.325,3.175,3.189
2010-06-11,3.321,3.233,3.214,3.319
2010-06-14,3.33,3.262,3.249,3.257
2010-06-15,3.325,3.308,3.224,3.264
2010-06-16,3.315,3.264,3.236,3.31
2010-06-17,3.295,3.192,3.181,3.251
2010-06-18,3.232,3.225,3.179,3.203
2010-06-21,3.31,3.247,3.232,3.278
2010-06-22,3.274,3.165,3.157,3.253
2010-06-23,3.186,3.125,3.092,3.166
2010-06-24,3.146,3.135,3.065,3.125
2010-06-25,3.168,3.11,3.081,3.137
2010-06-28,3.108,3.023,3.016,3.101
2010-06-29,3.035,2.953,2.951,3.035
2010-06-30,2.988,2.935,2.928,2.953
2010-07-01,2.956,2.954,2.881,2.942
2010-07-02,2.991,2.977,2.909,2.949
2010-07-06,2.995,2.936,2.914,2.925
2010-07-07,2.993,2.984,2.916,2.941
2010-07-08,3.05,3.038,2.973,2.987
2010-07-09,3.066,3.057,3.023,3.031
2010-07-12,3.068,3.066,3.009,3.056
2010-07-13,3.128,3.123,3.025,3.061
2010-07-14,3.132,3.05,3.039,3.132
2010-07-15,3.084,2.994,2.965,3.041
2010-07-16,3.01,2.927,2.916,2.996
2010-07-19,2.977,2.963,2.916,2.93
2010-07-20,2.975,2.957,2.896,2.961
2010-07-21,2.968,2.882,2.855,2.95
2010-07-22,2.948,2.932,2.866,2.884
2010-07-23,3.002,3.0,2.926,2.951
2010-07-26,3.036,2.996,2.973,2.991
2010-07-27,3.056,3.049,2.983,3.0
2010-07-28,3.061,2.996,2.987,3.043
2010-07-29,3.034,2.987,2.963,2.994
2010-07-30,2.99,2.905,2.9,2.978
2010-08-02,2.972,2.968,2.92,2.925
2010-08-03,2.959,2.908,2.891,2.959
2010-08-04,2.961,2.955,2.882,2.919
2010-08-05,2.966,2.901,2.896,2.948
2010-08-06,2.923,2.822,2.815,2.912
2010-08-09,2.84,2.829,2.807,2.824
2010-08-10,2.839,2.768,2.743,2.834
2010-08-11,2.761,2.69,2.683,2.754
2010-08-12,2.754,2.747,2.69,2.704
2010-08-13,2.753,2.679,2.672,2.751
2010-08-16,2.679,2.573,2.563,2.67
2010-08-17,2.661,2.641,2.575,2.577
2010-08-18,2.65,2.638,2.58,2.641
2010-08-19,2.679,2.575,2.557,2.627
2010-08-20,2.621,2.616,2.534,2.58
2010-08-23,2.639,2.6,2.593,2.616
2010-08-24,2.596,2.493,2.469,2.595
2010-08-25,2.557,2.539,2.419,2.5
2010-08-26,2.553,2.481,2.477,2.536
2010-08-27,2.664,2.647,2.479,2.481
2010-08-30,2.682,2.53,2.525,2.682
2010-08-31,2.534,2.47,2.467,2.534
2010-09-01,2.627,2.58,2.482,2.482
2010-09-02,2.639,2.627,2.553,2.573
2010-09-03,2.77,2.713,2.616,2.625
2010-09-07,2.699,2.598,2.596,2.681
2010-09-08,2.683,2.654,2.573,2.607
2010-09-09,2.7624,2.757,2.627,2.654
2010-09-10,2.823,2.795,2.733,2.746
2010-09-13,2.849,2.746,2.723,2.823
2010-09-14,2.755,2.679,2.661,2.755
2010-09-15,2.732,2.723,2.661,2.675
2010-09-16,2.796,2.763,2.69,2.726
2010-09-17,2.805,2.743,2.695,2.759
2010-09-20,2.752,2.704,2.701,2.739
2010-09-21,2.712,2.576,2.575,2.703
2010-09-22,2.569,2.555,2.505,2.567
2010-09-23,2.58,2.551,2.481,2.549
2010-09-24,2.618,2.607,2.531,2.54
2010-09-27,2.612,2.531,2.51,2.607
2010-09-28,2.546,2.469,2.449,2.535
2010-09-29,2.512,2.501,2.451,2.473
2010-09-30,2.594,2.512,2.469,2.494
2010-10-01,2.578,2.513,2.49,2.515
2010-10-04,2.508,2.479,2.465,2.499
2010-10-05,2.497,2.472,2.431,2.474
2010-10-06,2.472,2.392,2.357,2.472
2010-10-07,2.421,2.385,2.371,2.396
2010-10-08,2.433,2.395,2.334,2.387
2010-10-12,2.436,2.433,2.344,2.381
2010-10-13,2.49,2.422,2.417,2.429
2010-10-14,2.513,2.506,2.415,2.429
2010-10-15,2.596,2.567,2.452,2.502
2010-10-18,2.553,2.515,2.486,2.553
2010-10-19,2.561,2.481,2.456,2.511
2010-10-20,2.518,2.484,2.452,2.479
2010-10-21,2.556,2.542,2.47,2.484
2010-10-22,2.587,2.561,2.525,2.542
2010-10-25,2.569,2.567,2.497,2.56
2010-10-26,2.648,2.645,2.55,2.554
2010-10-27,2.731,2.729,2.632,2.639
2010-10-28,2.714,2.667,2.643,2.712
2010-10-29,2.668,2.603,2.598,2.668
2010-11-01,2.641,2.628,2.559,2.621
2010-11-02,2.639,2.592,2.585,2.625
2010-11-03,2.654,2.579,2.525,2.592
2010-11-04,2.581,2.491,2.458,2.563
2010-11-05,2.59,2.539,2.476,2.491
2010-11-08,2.567,2.557,2.514,2.527
2010-11-09,2.671,2.663,2.529,2.545
2010-11-10,2.783,2.648,2.638,2.686
2010-11-12,2.796,2.785,2.607,2.657
2010-11-15,2.967,2.961,2.765,2.769
2010-11-16,2.963,2.842,2.835,2.941
2010-11-17,2.897,2.882,2.8,2.856
2010-11-18,2.96,2.901,2.873,2.873
2010-11-19,2.91,2.877,2.858,2.895
2010-11-22,2.906,2.806,2.798,2.893
2010-11-23,2.809,2.782,2.727,2.809
2010-11-24,2.932,2.912,2.755,2.771
2010-11-26,2.919,2.87,2.842,2.912
2010-11-29,2.898,2.826,2.811,2.892
2010-11-30,2.826,2.797,2.751,2.826
2010-12-01,2.987,2.966,2.797,2.809
2010-12-02,3.031,2.998,2.942,2.951
2010-12-03,3.054,3.007,2.903,2.989
2010-12-06,2.985,2.929,2.926,2.981
2010-12-07,3.177,3.141,2.946,2.95
2010-12-08,3.33,3.272,3.133,3.139
2010-12-09,3.28,3.213,3.177,3.255
2010-12-10,3.334,3.323,3.181,3.211
2010-12-13,3.395,3.279,3.25,3.321
2010-12-14,3.494,3.473,3.269,3.271
2010-12-15,3.565,3.538,3.391,3.481
2010-12-16,3.568,3.434,3.422,3.516
2010-12-17,3.442,3.338,3.31,3.434
2010-12-20,3.371,3.34,3.249,3.334
2010-12-21,3.382,3.303,3.295,3.338
2010-12-22,3.365,3.348,3.303,3.317
2010-12-23,3.407,3.397,3.346,3.35
2010-12-27,3.509,3.327,3.325,3.397
2010-12-28,3.495,3.491,3.316,3.349
2010-12-29,3.495,3.357,3.32,3.474
2010-12-30,3.421,3.367,3.337,3.353
2010-12-31,3.376,3.288,3.28,3.371
2011-01-03,3.44,3.336,3.301,3.305
2011-01-04,3.371,3.338,3.302,3.338
2011-01-05,3.497,3.463,3.286,3.338
2011-01-06,3.473,3.403,3.391,3.461
2011-01-07,3.458,3.326,3.295,3.401
2011-01-10,3.376,3.287,3.277,3.335
2011-01-11,3.371,3.34,3.277,3.291
2011-01-12,3.418,3.381,3.33,3.343
2011-01-13,3.389,3.303,3.295,3.381
2011-01-14,3.337,3.331,3.253,3.303
2011-01-18,3.413,3.37,3.279,3.3
2011-01-19,3.391,3.337,3.327,3.372
2011-01-20,3.474,3.455,3.31,3.341
2011-01-21,3.473,3.408,3.402,3.443
2011-01-24,3.441,3.404,3.379,3.414
2011-01-25,3.422,3.33,3.309,3.408
2011-01-26,3.442,3.421,3.344,3.346
2011-01-27,3.476,3.389,3.379,3.415
2011-01-28,3.455,3.329,3.312,3.399
2011-01-31,3.404,3.374,3.312,3.312
2011-02-01,3.469,3.435,3.372,3.372
2011-02-02,3.507,3.479,3.41,3.445
2011-02-03,3.557,3.547,3.467,3.485
2011-02-04,3.666,3.64,3.512,3.545
2011-02-07,3.696,3.64,3.634,3.644
2011-02-08,3.743,3.737,3.632,3.638
2011-02-09,3.77,3.652,3.626,3.747
2011-02-10,3.721,3.702,3.638,3.674
2011-02-11,3.712,3.638,3.608,3.702
2011-02-14,3.664,3.621,3.601,3.638
2011-02-15,3.663,3.604,3.601,3.631
2011-02-16,3.651,3.623,3.576,3.618
2011-02-17,3.629,3.576,3.55,3.629
2011-02-18,3.632,3.582,3.58,3.582
2011-02-22,3.55,3.459,3.455,3.544
2011-02-23,3.496,3.483,3.429,3.47
2011-02-24,3.49,3.45,3.414,3.487
2011-02-25,3.475,3.416,3.414,3.464
2011-02-28,3.429,3.422,3.39,3.414
2011-03-01,3.49,3.403,3.396,3.44
2011-03-02,3.483,3.471,3.379,3.407
2011-03-03,3.574,3.555,3.462,3.475
2011-03-04,3.598,3.494,3.477,3.563
2011-03-07,3.552,3.516,3.47,3.507
2011-03-08,3.555,3.546,3.492,3.52
2011-03-09,3.557,3.469,3.449,3.552
2011-03-10,3.48,3.362,3.357,3.475
2011-03-11,3.415,3.402,3.335,3.371
2011-03-14,3.423,3.365,3.33,3.386
2011-03-15,3.356,3.301,3.207,3.349
2011-03-16,3.349,3.204,3.143,3.307
2011-03-17,3.29,3.257,3.163,3.168
2011-03-18,3.325,3.268,3.235,3.27
2011-03-21,3.369,3.326,3.297,3.301
2011-03-22,3.363,3.328,3.315,3.334
2011-03-23,3.356,3.345,3.28,3.328
2011-03-24,3.415,3.407,3.324,3.341
2011-03-25,3.461,3.441,3.383,3.409
2011-03-28,3.485,3.439,3.431,3.465
2011-03-29,3.502,3.487,3.422,3.429
2011-03-30,3.508,3.444,3.439,3.489
2011-03-31,3.483,3.468,3.403,3.442
2011-04-01,3.53,3.45,3.442,3.476
2011-04-04,3.47,3.425,3.403,3.448
2011-04-05,3.5,3.487,3.399,3.45
2011-04-06,3.556,3.549,3.474,3.483
2011-04-07,3.579,3.549,3.523,3.556
2011-04-08,3.619,3.583,3.555,3.558
2011-04-11,3.609,3.587,3.558,3.606
2011-04-12,3.583,3.492,3.474,3.583
2011-04-13,3.545,3.458,3.458,3.509
2011-04-14,3.503,3.496,3.419,3.47
2011-04-15,3.5,3.414,3.399,3.498
2011-04-18,3.457,3.38,3.359,3.406
2011-04-19,3.41,3.365,3.346,3.382
2011-04-20,3.411,3.408,3.371,3.372
2011-04-21,3.421,3.395,3.368,3.415
2011-04-25,3.406,3.363,3.357,3.404
2011-04-26,3.378,3.309,3.303,3.363
2011-04-27,3.385,3.359,3.314,3.316
2011-04-28,3.359,3.312,3.298,3.355
2011-04-29,3.333,3.29,3.283,3.316
2011-05-02,3.323,3.281,3.262,3.297
2011-05-03,3.286,3.251,3.247,3.284
2011-05-04,3.269,3.221,3.209,3.253
2011-05-05,3.232,3.154,3.15,3.221
2011-05-06,3.241,3.148,3.128,3.159
2011-05-09,3.188,3.157,3.135,3.175
2011-05-10,3.219,3.214,3.151,3.162
2011-05-11,3.236,3.157,3.153,3.219
2011-05-12,3.249,3.226,3.164,3.189
2011-05-13,3.236,3.169,3.131,3.234
2011-05-16,3.198,3.147,3.143,3.16
2011-05-17,3.173,3.114,3.098,3.143
2011-05-18,3.188,3.184,3.092,3.125
2011-05-19,3.241,3.173,3.167,3.184
2011-05-20,3.189,3.147,3.145,3.176
2011-05-23,3.141,3.129,3.092,3.136
2011-05-24,3.162,3.116,3.108,3.121
2011-05-25,3.14,3.129,3.094,3.121
2011-05-26,3.162,3.059,3.053,3.136
2011-05-27,3.101,3.072,3.055,3.057
2011-05-31,3.108,3.059,3.041,3.061
2011-06-01,3.077,2.944,2.939,3.07
2011-06-02,3.037,3.032,2.948,2.954
2011-06-03,3.03,2.991,2.948,3.021
2011-06-06,3.04,2.997,2.982,2.991
2011-06-07,3.055,2.995,2.982,3.0
2011-06-08,3.011,2.946,2.933,3.006
2011-06-09,3.02,2.997,2.919,2.957
2011-06-10,2.999,2.973,2.937,2.995
2011-06-13,3.015,2.984,2.949,2.971
2011-06-14,3.108,3.101,2.98,2.987
2011-06-15,3.097,2.975,2.962,3.088
2011-06-16,2.987,2.926,2.88,2.975
2011-06-17,2.98,2.944,2.911,2.945
2011-06-20,2.978,2.956,2.891,2.944
2011-06-21,3.0,2.98,2.951,2.969
2011-06-22,3.009,2.98,2.94,2.991
2011-06-23,2.98,2.914,2.887,2.973
2011-06-24,2.945,2.871,2.847,2.914
2011-06-27,2.934,2.929,2.842,2.867
2011-06-28,3.055,3.034,2.907,2.927
2011-06-29,3.132,3.121,3.018,3.04
2011-06-30,3.221,3.16,3.082,3.102
2011-07-01,3.223,3.182,3.138,3.162
2011-07-05,3.19,3.119,3.115,3.184
2011-07-06,3.154,3.11,3.073,3.128
2011-07-07,3.175,3.141,3.106,3.119
2011-07-08,3.184,3.025,3.008,3.143
2011-07-11,3.04,2.924,2.913,3.012
2011-07-12,2.939,2.877,2.816,2.932
2011-07-13,2.959,2.884,2.873,2.882
2011-07-14,2.959,2.953,2.881,2.915
2011-07-15,2.984,2.908,2.898,2.953
2011-07-18,2.977,2.92,2.871,2.908
2011-07-19,2.968,2.878,2.868,2.922
2011-07-20,2.944,2.931,2.893,2.897
2011-07-21,3.036,3.014,2.926,2.96
2011-07-22,3.016,2.964,2.957,3.008
2011-07-25,3.032,3.004,2.942,2.984
2011-07-26,3.039,2.955,2.94,2.999
2011-07-27,3.01,2.982,2.938,2.969
2011-07-28,2.99,2.955,2.927,2.962
2011-07-29,2.962,2.793,2.773,2.962
2011-08-01,2.858,2.753,2.719,2.82
2011-08-02,2.754,2.613,2.602,2.754
2011-08-03,2.647,2.615,2.546,2.608
2011-08-04,2.65,2.407,2.393,2.625
2011-08-05,2.581,2.563,2.338,2.418
2011-08-08,2.589,2.316,2.313,2.565
2011-08-09,2.438,2.275,2.038,2.29
2011-08-10,2.326,2.095,2.071,2.249
2011-08-11,2.359,2.333,2.13,2.174
2011-08-12,2.333,2.26,2.223,2.333
2011-08-15,2.313,2.308,2.234,2.26
2011-08-16,2.317,2.225,2.2,2.312
2011-08-17,2.262,2.167,2.155,2.223
2011-08-18,2.181,2.068,1.976,2.17
2011-08-19,2.132,2.068,2.01,2.05
2011-08-22,2.134,2.109,2.052,2.054
2011-08-23,2.167,2.158,2.061,2.099
2011-08-24,2.303,2.294,2.115,2.165
2011-08-25,2.312,2.234,2.209,2.28
2011-08-26,2.25,2.19,2.122,2.232
2011-08-29,2.298,2.264,2.192,2.195
2011-08-30,2.248,2.176,2.157,2.246
2011-08-31,2.243,2.234,2.137,2.172
2011-09-01,2.278,2.132,2.13,2.222
2011-09-02,2.149,1.994,1.982,2.137
2011-09-06,2.0,1.982,1.908,1.926
2011-09-07,2.06,2.041,1.994,1.996
2011-09-08,2.046,1.977,1.977,2.045
2011-09-09,2.02,1.915,1.896,2.001
2011-09-12,1.956,1.947,1.879,1.917
2011-09-13,2.006,1.992,1.92,1.944
2011-09-14,2.034,1.992,1.958,1.999
2011-09-15,2.118,2.083,1.979,1.992
2011-09-16,2.118,2.057,2.048,2.069
2011-09-19,2.057,1.956,1.928,2.057
2011-09-20,1.992,1.937,1.932,1.945
2011-09-21,1.97,1.856,1.8559,1.951
2011-09-22,1.859,1.718,1.698,1.859
2011-09-23,1.844,1.83,1.674,1.718
2011-09-26,1.909,1.904,1.781,1.854
2011-09-27,2.016,1.98,1.881,1.89
2011-09-28,2.067,1.987,1.94,1.969
2011-09-29,2.03,2.002,1.952,1.971
2011-09-30,1.997,1.917,1.893,1.995
2011-10-03,1.928,1.749,1.747,1.919
2011-10-04,1.84,1.817,1.717,1.77
2011-10-05,1.915,1.891,1.816,1.831
2011-10-06,1.997,1.992,1.867,1.884
2011-10-07,2.118,2.076,1.974,1.978
2011-10-11,2.183,2.158,2.111,2.18
2011-10-12,2.271,2.212,2.128,2.146
2011-10-13,2.224,2.182,2.121,2.207
2011-10-14,2.264,2.251,2.157,2.167
2011-10-17,2.294,2.155,2.151,2.251
2011-10-18,2.21,2.175,2.077,2.158
2011-10-19,2.224,2.157,2.132,2.169
2011-10-20,2.207,2.187,2.112,2.176
2011-10-21,2.239,2.216,2.164,2.192
2011-10-24,2.243,2.234,2.173,2.198
2011-10-25,2.273,2.114,2.104,2.226
2011-10-26,2.214,2.207,2.114,2.114
2011-10-27,2.407,2.385,2.184,2.203
2011-10-28,2.42,2.324,2.291,2.4
2011-10-31,2.315,2.116,2.111,2.304
2011-11-01,2.153,1.991,1.95,2.135
2011-11-02,2.079,1.989,1.982,1.982
2011-11-03,2.08,2.073,1.935,1.989
2011-11-04,2.141,2.038,2.024,2.084
2011-11-07,2.082,2.02,1.961,2.072
2011-11-08,2.091,2.079,1.999,2.026
2011-11-09,2.089,1.966,1.929,2.088
2011-11-10,2.108,2.057,1.971,1.995
2011-11-11,2.0573,2.057,2.057,2.057
2011-11-14,2.139,2.045,2.026,2.129
2011-11-15,2.073,2.049,1.991,2.059
2011-11-16,2.061,2.0,1.998,2.04
2011-11-17,2.04,1.965,1.938,1.995
2011-11-18,2.036,2.005,1.946,1.959
2011-11-21,1.993,1.965,1.943,1.993
2011-11-22,1.995,1.922,1.919,1.953
2011-11-23,1.964,1.888,1.872,1.922
2011-11-25,1.969,1.965,1.91,1.931
2011-11-28,2.08,1.97,1.951,2.033
2011-11-29,2.049,1.988,1.965,1.984
2011-11-30,2.108,2.072,1.976,1.99
2011-12-01,2.142,2.086,2.047,2.079
2011-12-02,2.167,2.033,2.03,2.094
2011-12-05,2.11,2.033,2.024,2.073
2011-12-06,2.098,2.086,2.033,2.063
2011-12-07,2.124,2.033,2.012,2.091
2011-12-08,2.098,1.97,1.965,2.037
2011-12-09,2.068,2.063,1.963,1.984
2011-12-12,2.07,2.017,1.99,2.066
2011-12-13,2.059,1.963,1.949,2.021
2011-12-14,1.99,1.904,1.896,1.972
2011-12-15,1.944,1.911,1.863,1.904
2011-12-16,1.941,1.851,1.835,1.908
2011-12-19,1.878,1.81,1.798,1.863
2011-12-20,1.93,1.927,1.816,1.816
2011-12-21,1.977,1.97,1.896,1.927
2011-12-22,1.975,1.953,1.92,1.967
2011-12-23,2.039,2.021,1.953,1.953
2011-12-27,2.056,2.002,2.0017,2.042
2011-12-28,2.012,1.921,1.906,2.009
2011-12-29,1.941,1.899,1.885,1.921
2011-12-30,1.923,1.876,1.857,1.908
2012-01-03,1.965,1.956,1.876,1.876
2012-01-04,2.012,1.984,1.934,1.96
2012-01-05,2.021,1.996,1.944,1.981
2012-01-06,2.046,1.958,1.946,1.995
2012-01-09,1.986,1.956,1.919,1.958
2012-01-10,2.007,1.963,1.953,1.968
2012-01-11,1.975,1.905,1.898,1.97
2012-01-12,1.942,1.926,1.891,1.911
2012-01-13,1.94,1.87,1.836,1.932
2012-01-17,1.905,1.858,1.846,1.858
2012-01-18,1.903,1.898,1.836,1.855
2012-01-19,1.998,1.982,1.883,1.9
2012-01-20,2.035,2.025,1.961,1.975
2012-01-23,2.094,2.058,1.993,2.012
2012-01-24,2.085,2.063,2.033,2.055
2012-01-25,2.078,2.002,1.916,2.063
2012-01-26,1.991,1.94,1.923,1.991
2012-01-27,1.97,1.891,1.888,1.944
2012-01-30,1.895,1.846,1.814,1.889
2012-01-31,1.882,1.795,1.792,1.844
2012-02-01,1.853,1.83,1.797,1.797
2012-02-02,1.853,1.823,1.813,1.844
2012-02-03,1.956,1.924,1.811,1.821
2012-02-06,1.945,1.901,1.886,1.922
2012-02-07,1.993,1.977,1.9,1.914
2012-02-08,2.005,1.982,1.959,1.966
2012-02-09,2.076,2.036,1.998,2.021
2012-02-10,2.035,1.984,1.955,2.03
2012-02-13,2.028,1.977,1.959,1.997
2012-02-14,1.984,1.938,1.917,1.96
2012-02-15,1.962,1.933,1.9,1.943
2012-02-16,2.014,1.984,1.909,1.929
2012-02-17,2.038,2.0,1.983,1.986
2012-02-21,2.08,2.061,2.016,2.03
2012-02-22,2.08,2.002,1.998,2.064
2012-02-23,2.045,1.997,1.972,2.01
2012-02-24,2.012,1.977,1.969,2.005
2012-02-27,1.979,1.926,1.912,1.977
2012-02-28,1.946,1.941,1.896,1.931
2012-02-29,2.007,1.974,1.915,1.946
2012-03-01,2.065,2.03,1.979,1.983
2012-03-02,2.038,1.979,1.97,2.028
2012-03-05,2.017,2.007,1.964,1.984
2012-03-06,2.017,1.95,1.931,2.016
2012-03-07,1.986,1.972,1.946,1.95
2012-03-08,2.024,2.016,1.97,1.979
2012-03-09,2.059,2.03,2.009,2.017
2012-03-12,2.037,2.037,1.99,2.026
2012-03-13,2.132,2.126,2.028,2.033
2012-03-14,2.29,2.274,2.121,2.133
2012-03-15,2.348,2.279,2.253,2.274
2012-03-16,2.363,2.2976,2.272,2.287
2012-03-19,2.392,2.375,2.262,2.301
2012-03-20,2.399,2.363,2.328,2.375
2012-03-21,2.383,2.296,2.283,2.352
2012-03-22,2.312,2.282,2.244,2.301
2012-03-23,2.298,2.234,2.212,2.287
2012-03-26,2.291,2.253,2.234,2.246
2012-03-27,2.266,2.187,2.175,2.255
2012-03-28,2.225,2.201,2.159,2.191
2012-03-29,2.214,2.159,2.148,2.212
2012-03-30,2.237,2.214,2.141,2.161
2012-04-02,2.254,2.18,2.162,2.237
2012-04-03,2.308,2.293,2.152,2.189
2012-04-04,2.306,2.223,2.223,2.301
2012-04-05,2.238,2.181,2.139,2.236
2012-04-06,2.225,2.047,2.044,2.182
2012-04-09,2.076,2.047,2.019,2.042
2012-04-10,2.067,1.986,1.965,2.046
2012-04-11,2.047,2.037,1.989,1.989
2012-04-12,2.065,2.056,2.012,2.035
2012-04-13,2.049,1.989,1.979,2.044
2012-04-16,1.998,1.982,1.946,1.988
2012-04-17,2.017,1.996,1.965,1.982
2012-04-18,2.017,1.975,1.972,2.003
2012-04-19,2.0,1.968,1.949,1.979
2012-04-20,1.996,1.959,1.958,1.97
2012-04-23,1.967,1.94,1.91,1.963
2012-04-24,1.98,1.974,1.917,1.937
2012-04-25,2.039,1.987,1.961,1.975
2012-04-26,1.996,1.947,1.93,1.984
2012-04-27,1.958,1.936,1.884,1.924
2012-04-30,1.965,1.919,1.907,1.933
2012-05-01,1.961,1.945,1.9,1.919
2012-05-02,1.966,1.928,1.9,1.949
2012-05-03,1.956,1.933,1.915,1.928
2012-05-04,1.956,1.879,1.873,1.929
2012-05-07,1.882,1.873,1.825,1.844
2012-05-08,1.884,1.842,1.816,1.872
2012-05-09,1.847,1.826,1.793,1.844
2012-05-10,1.921,1.874,1.848,1.855
2012-05-11,1.869,1.841,1.838,1.857
2012-05-14,1.839,1.769,1.765,1.824
2012-05-15,1.81,1.77,1.76,1.772
2012-05-16,1.819,1.759,1.75,1.772
2012-05-17,1.795,1.69,1.69,1.77
2012-05-18,1.743,1.723,1.695,1.701
2012-05-21,1.771,1.743,1.723,1.726
2012-05-22,1.805,1.777,1.748,1.748
2012-05-23,1.774,1.733,1.707,1.772
2012-05-24,1.783,1.783,1.711,1.741
2012-05-25,1.788,1.747,1.74,1.777
2012-05-29,1.767,1.748,1.707,1.75
2012-05-30,1.741,1.619,1.61,1.741
2012-05-31,1.654,1.563,1.533,1.619
2012-06-01,1.58,1.459,1.442,1.57
2012-06-04,1.532,1.524,1.449,1.449
2012-06-05,1.581,1.573,1.51,1.524
2012-06-06,1.671,1.661,1.554,1.574
2012-06-07,1.685,1.644,1.623,1.666
2012-06-08,1.646,1.632,1.556,1.646
2012-06-11,1.728,1.586,1.584,1.714
2012-06-12,1.668,1.664,1.581,1.583
2012-06-13,1.7,1.599,1.589,1.657
2012-06-14,1.647,1.642,1.591,1.605
2012-06-15,1.637,1.586,1.564,1.633
2012-06-18,1.65,1.574,1.557,1.638
2012-06-19,1.642,1.62,1.555,1.574
2012-06-20,1.685,1.65,1.601,1.62
2012-06-21,1.666,1.62,1.596,1.654
2012-06-22,1.678,1.676,1.613,1.62
2012-06-25,1.666,1.604,1.602,1.662
2012-06-26,1.652,1.628,1.606,1.613
2012-06-27,1.65,1.621,1.614,1.628
2012-06-28,1.637,1.584,1.568,1.63
2012-06-29,1.678,1.643,1.572,1.572
2012-07-02,1.66,1.587,1.556,1.652
2012-07-03,1.635,1.628,1.583,1.583
2012-07-05,1.626,1.599,1.58,1.602
2012-07-06,1.602,1.549,1.537,1.602
2012-07-09,1.549,1.513,1.507,1.544
2012-07-10,1.534,1.502,1.498,1.515
2012-07-11,1.523,1.515,1.452,1.507
2012-07-12,1.513,1.478,1.473,1.513
2012-07-13,1.518,1.491,1.464,1.471
2012-07-16,1.491,1.471,1.442,1.491
2012-07-17,1.511,1.508,1.469,1.486
2012-07-18,1.511,1.494,1.472,1.508
2012-07-19,1.523,1.511,1.486,1.494
2012-07-20,1.511,1.458,1.447,1.509
2012-07-23,1.448,1.438,1.398,1.448
2012-07-24,1.465,1.391,1.386,1.425
2012-07-25,1.436,1.398,1.381,1.382
2012-07-26,1.445,1.438,1.391,1.408
2012-07-27,1.591,1.545,1.431,1.445
2012-07-30,1.567,1.5,1.495,1.541
2012-07-31,1.522,1.47,1.466,1.509
2012-08-01,1.543,1.524,1.468,1.468
2012-08-02,1.577,1.478,1.446,1.538
2012-08-03,1.592,1.568,1.471,1.483
2012-08-06,1.58,1.565,1.531,1.577
2012-08-07,1.642,1.628,1.558,1.563
2012-08-08,1.663,1.651,1.601,1.627
2012-08-09,1.731,1.695,1.671,1.679
2012-08-10,1.686,1.659,1.63,1.683
2012-08-13,1.669,1.666,1.63,1.645
2012-08-14,1.74,1.733,1.656,1.659
2012-08-15,1.817,1.817,1.722,1.731
2012-08-16,1.862,1.835,1.784,1.819
2012-08-17,1.84,1.814,1.797,1.831
2012-08-20,1.859,1.811,1.795,1.824
2012-08-21,1.863,1.802,1.793,1.807
2012-08-22,1.798,1.695,1.69,1.797
2012-08-23,1.714,1.674,1.659,1.699
2012-08-24,1.69,1.686,1.632,1.69
2012-08-27,1.692,1.652,1.644,1.692
2012-08-28,1.659,1.637,1.615,1.652
2012-08-29,1.675,1.652,1.625,1.639
2012-08-30,1.657,1.628,1.61,1.657
2012-08-31,1.658,1.548,1.543,1.627
2012-09-04,1.596,1.574,1.542,1.552
2012-09-05,1.599,1.596,1.55,1.569
2012-09-06,1.681,1.676,1.591,1.596
2012-09-07,1.74,1.668,1.591,1.685
2012-09-10,1.69,1.654,1.637,1.656
2012-09-11,1.704,1.701,1.647,1.659
2012-09-12,1.773,1.758,1.694,1.695
2012-09-13,1.832,1.721,1.713,1.756
2012-09-14,1.894,1.87,1.727,1.73
2012-09-17,1.889,1.843,1.821,1.87
2012-09-18,1.84,1.812,1.78,1.84
2012-09-19,1.831,1.7735,1.765,1.81
2012-09-20,1.788,1.765,1.723,1.775
2012-09-21,1.796,1.755,1.748,1.77
2012-09-24,1.758,1.715,1.706,1.751
2012-09-25,1.734,1.671,1.668,1.716
2012-09-26,1.678,1.61,1.61,1.666
2012-09-27,1.659,1.656,1.616,1.62
2012-09-28,1.654,1.633,1.599,1.653
2012-10-01,1.651,1.618,1.613,1.623
2012-10-02,1.649,1.62,1.61,1.622
2012-10-03,1.64,1.616,1.599,1.622
2012-10-04,1.677,1.673,1.62,1.62
2012-10-05,1.748,1.732,1.659,1.67
2012-10-09,1.729,1.713,1.682,1.704
2012-10-10,1.75,1.68,1.675,1.713
2012-10-11,1.732,1.668,1.666,1.677
2012-10-12,1.698,1.656,1.634,1.675
2012-10-15,1.689,1.668,1.651,1.663
2012-10-16,1.727,1.722,1.663,1.668
2012-10-17,1.824,1.822,1.72,1.743
2012-10-18,1.836,1.831,1.783,1.811
2012-10-19,1.834,1.766,1.761,1.833
2012-10-22,1.819,1.815,1.761,1.764
2012-10-23,1.819,1.761,1.75,1.819
2012-10-24,1.796,1.794,1.761,1.763
2012-10-25,1.856,1.812,1.789,1.789
2012-10-26,1.837,1.749,1.743,1.835
2012-10-29,1.749,1.721,1.705,1.726
2012-10-31,1.763,1.694,1.684,1.74
2012-11-01,1.74,1.73,1.7,1.702
2012-11-02,1.781,1.717,1.712,1.73
2012-11-05,1.724,1.679,1.674,1.717
2012-11-06,1.754,1.751,1.684,1.693
2012-11-07,1.747,1.644,1.618,1.747
2012-11-08,1.697,1.618,1.613,1.685
2012-11-09,1.642,1.613,1.579,1.622
2012-11-13,1.622,1.594,1.572,1.615
2012-11-14,1.633,1.589,1.579,1.594
2012-11-15,1.618,1.594,1.572,1.589
2012-11-16,1.599,1.584,1.556,1.599
2012-11-19,1.627,1.613,1.591,1.598
2012-11-20,1.669,1.668,1.599,1.599
2012-11-21,1.695,1.68,1.644,1.663
2012-11-23,1.7,1.693,1.664,1.68
2012-11-26,1.699,1.666,1.64,1.697
2012-11-27,1.68,1.639,1.637,1.664
2012-11-28,1.642,1.633,1.601,1.635
2012-11-29,1.645,1.62,1.611,1.63
2012-11-30,1.63,1.613,1.596,1.618
2012-12-03,1.656,1.622,1.61,1.618
2012-12-04,1.642,1.605,1.599,1.62
2012-12-05,1.62,1.591,1.576,1.606
2012-12-06,1.601,1.586,1.564,1.598
2012-12-07,1.633,1.623,1.57,1.589
2012-12-10,1.627,1.618,1.598,1.623
2012-12-11,1.659,1.656,1.61,1.616
2012-12-12,1.709,1.702,1.635,1.654
2012-12-13,1.744,1.732,1.685,1.695
2012-12-14,1.749,1.704,1.695,1.727
2012-12-17,1.777,1.773,1.711,1.727
2012-12-18,1.847,1.821,1.761,1.768
2012-12-19,1.833,1.807,1.773,1.817
2012-12-20,1.807,1.8,1.767,1.793
2012-12-21,1.803,1.77,1.735,1.801
2012-12-24,1.781,1.776,1.765,1.77
2012-12-26,1.809,1.749,1.746,1.784
2012-12-27,1.783,1.734,1.702,1.755
2012-12-28,1.744,1.701,1.692,1.744
2012-12-31,1.765,1.757,1.694,1.701
2013-01-02,1.86,1.835,1.757,1.757
2013-01-03,1.92,1.911,1.82,1.835
2013-01-04,1.975,1.903,1.897,1.911
2013-01-07,1.917,1.901,1.881,1.903
2013-01-08,1.911,1.864,1.862,1.897
2013-01-09,1.89,1.86,1.846,1.874
2013-01-10,1.908,1.899,1.862,1.862
2013-01-11,1.93,1.866,1.859,1.915
2013-01-14,1.868,1.848,1.831,1.866
2013-01-15,1.854,1.836,1.81,1.854
2013-01-16,1.84,1.819,1.803,1.84
2013-01-17,1.891,1.884,1.804,1.82
2013-01-18,1.896,1.84,1.835,1.882
2013-01-22,1.879,1.844,1.829,1.865
2013-01-23,1.849,1.828,1.814,1.842
2013-01-24,1.87,1.852,1.805,1.821
2013-01-25,1.954,1.949,1.851,1.856
2013-01-28,2.006,1.965,1.933,1.959
2013-01-29,2.003,1.999,1.949,1.961
2013-01-30,2.037,1.992,1.974,1.997
2013-01-31,2.007,1.985,1.965,1.99
2013-02-01,2.037,2.025,1.926,1.99
2013-02-04,2.059,1.957,1.951,2.039
2013-02-05,2.02,2.005,1.955,1.962
2013-02-06,2.016,1.964,1.959,2.007
2013-02-07,1.993,1.959,1.932,1.964
2013-02-08,1.991,1.95,1.935,1.96
2013-02-11,1.982,1.964,1.945,1.95
2013-02-12,1.986,1.979,1.95,1.964
2013-02-13,2.035,2.028,1.973,1.977
2013-02-14,2.064,1.998,1.995,2.056
2013-02-15,2.036,2.005,1.977,2.005
2013-02-19,2.031,2.028,1.988,2.012
2013-02-20,2.052,2.01,2.005,2.028
2013-02-21,2.021,1.974,1.957,2.01
2013-02-22,1.997,1.962,1.958,1.979
2013-02-25,2.003,1.865,1.859,1.977
2013-02-26,1.896,1.886,1.836,1.877
2013-02-27,1.912,1.9,1.843,1.886
2013-02-28,1.907,1.881,1.872,1.896
2013-03-01,1.881,1.845,1.841,1.877
2013-03-04,1.881,1.879,1.827,1.841
2013-03-05,1.91,1.898,1.869,1.874
2013-03-06,1.944,1.939,1.894,1.898
2013-03-07,2.0,1.995,1.922,1.934
2013-03-08,2.087,2.049,1.995,2.0
2013-03-11,2.073,2.061,2.037,2.049
2013-03-12,2.073,2.019,2.012,2.07
2013-03-13,2.052,2.023,2.0,2.021
2013-03-14,2.068,2.037,2.019,2.026
2013-03-15,2.045,1.991,1.991,2.035
2013-03-18,1.965,1.955,1.898,1.908
2013-03-19,1.97,1.904,1.892,1.951
2013-03-20,1.962,1.958,1.899,1.904
2013-03-21,1.967,1.915,1.91,1.956
2013-03-22,1.944,1.927,1.897,1.911
2013-03-25,1.974,1.92,1.895,1.948
2013-03-26,1.944,1.911,1.901,1.92
2013-03-27,1.92,1.845,1.833,1.915
2013-03-28,1.871,1.852,1.83,1.845
2013-04-01,1.888,1.835,1.831,1.875
2013-04-02,1.868,1.862,1.823,1.837
2013-04-03,1.875,1.816,1.797,1.861
2013-04-04,1.823,1.766,1.757,1.806
2013-04-05,1.783,1.714,1.677,1.769
2013-04-08,1.75,1.745,1.697,1.701
2013-04-09,1.764,1.752,1.723,1.743
2013-04-10,1.81,1.805,1.743,1.755
2013-04-11,1.814,1.791,1.781,1.805
2013-04-12,1.795,1.721,1.717,1.795
2013-04-15,1.741,1.688,1.676,1.719
2013-04-16,1.736,1.722,1.681,1.69
2013-04-17,1.733,1.698,1.673,1.722
2013-04-18,1.719,1.686,1.679,1.695
2013-04-19,1.715,1.705,1.69,1.691
2013-04-22,1.734,1.695,1.681,1.71
2013-04-23,1.71,1.707,1.643,1.696
2013-04-24,1.727,1.703,1.693,1.708
2013-04-25,1.727,1.71,1.7,1.705
2013-04-26,1.713,1.665,1.662,1.713
2013-04-29,1.68,1.667,1.651,1.665
2013-04-30,1.679,1.673,1.638,1.672
2013-05-01,1.679,1.632,1.614,1.668
2013-05-02,1.665,1.624,1.624,1.631
2013-05-03,1.752,1.74,1.624,1.624
2013-05-06,1.776,1.764,1.73,1.74
2013-05-07,1.79,1.78,1.747,1.761
2013-05-08,1.798,1.767,1.75,1.778
2013-05-09,1.82,1.814,1.776,1.81
2013-05-10,1.928,1.9,1.814,1.815
2013-05-13,1.943,1.917,1.891,1.94
2013-05-14,1.984,1.982,1.895,1.914
2013-05-15,1.985,1.94,1.921,1.971
2013-05-16,1.957,1.879,1.858,1.936
2013-05-17,1.956,1.954,1.86,1.881
2013-05-20,1.975,1.965,1.919,1.956
2013-05-21,1.998,1.93,1.923,1.958
2013-05-22,2.044,2.037,1.888,1.923
2013-05-23,2.069,2.016,1.965,2.047
2013-05-24,2.039,2.011,1.981,2.026
2013-05-28,2.18,2.167,2.025,2.028
2013-05-29,2.235,2.119,2.112,2.165
2013-05-30,2.16,2.119,2.094,2.121
2013-05-31,2.211,2.132,2.066,2.114
2013-06-03,2.187,2.128,2.069,2.157
2013-06-04,2.164,2.15,2.109,2.123
2013-06-05,2.155,2.091,2.084,2.153
2013-06-06,2.127,2.079,1.999,2.093
2013-06-07,2.183,2.179,2.043,2.073
2013-06-10,2.231,2.213,2.154,2.177
2013-06-11,2.293,2.19,2.172,2.215
2013-06-12,2.239,2.228,2.167,2.186
2013-06-13,2.233,2.149,2.126,2.233
2013-06-14,2.161,2.129,2.097,2.156
2013-06-17,2.193,2.178,2.11,2.144
2013-06-18,2.218,2.185,2.169,2.178
2013-06-19,2.362,2.355,2.166,2.187
2013-06-20,2.471,2.421,2.345,2.371
2013-06-21,2.548,2.542,2.38,2.402
2013-06-24,2.667,2.544,2.516,2.535
2013-06-25,2.616,2.612,2.483,2.527
2013-06-26,2.623,2.541,2.507,2.623
2013-06-27,2.552,2.474,2.463,2.537
2013-06-28,2.553,2.487,2.446,2.478
2013-07-01,2.551,2.477,2.471,2.495
2013-07-02,2.495,2.471,2.451,2.478
2013-07-03,2.505,2.503,2.415,2.477
2013-07-05,2.742,2.736,2.516,2.522
2013-07-08,2.755,2.638,2.636,2.736
2013-07-09,2.664,2.64,2.617,2.641
2013-07-10,2.691,2.674,2.621,2.641
2013-07-11,2.615,2.572,2.553,2.566
2013-07-12,2.605,2.592,2.518,2.57
2013-07-15,2.637,2.543,2.535,2.592
2013-07-16,2.562,2.532,2.513,2.541
2013-07-17,2.56,2.491,2.461,2.534
2013-07-18,2.549,2.534,2.467,2.487
2013-07-19,2.544,2.482,2.478,2.532
2013-07-22,2.493,2.484,2.465,2.482
2013-07-23,2.533,2.507,2.477,2.486
2013-07-24,2.626,2.584,2.509,2.509
2013-07-25,2.634,2.577,2.569,2.59
2013-07-26,2.589,2.564,2.545,2.582
2013-07-29,2.606,2.599,2.547,2.56
2013-07-30,2.612,2.606,2.572,2.602
2013-07-31,2.702,2.588,2.571,2.604
2013-08-01,2.723,2.708,2.584,2.584
2013-08-02,2.749,2.598,2.596,2.716
2013-08-05,2.661,2.64,2.598,2.604
2013-08-06,2.665,2.642,2.625,2.638
2013-08-07,2.644,2.599,2.587,2.636
2013-08-08,2.614,2.587,2.573,2.609
2013-08-09,2.611,2.58,2.575,2.6
2013-08-12,2.625,2.622,2.552,2.58
2013-08-13,2.73,2.721,2.627,2.629
2013-08-14,2.73,2.712,2.694,2.723
2013-08-15,2.823,2.764,2.701,2.703
2013-08-16,2.866,2.825,2.761,2.764
2013-08-19,2.9,2.882,2.836,2.843
2013-08-20,2.884,2.818,2.804,2.873
2013-08-21,2.895,2.892,2.811,2.823
2013-08-22,2.936,2.892,2.873,2.899
2013-08-23,2.922,2.818,2.804,2.894
2013-08-26,2.84,2.787,2.783,2.824
2013-08-27,2.813,2.709,2.707,2.798
2013-08-28,2.795,2.765,2.705,2.718
2013-08-29,2.831,2.762,2.743,2.778
2013-08-30,2.793,2.789,2.744,2.771
2013-09-03,2.913,2.863,2.813,2.837
2013-09-04,2.908,2.897,2.847,2.865
2013-09-05,3.001,2.996,2.885,2.895
2013-09-06,3.007,2.938,2.864,2.99
2013-09-09,2.951,2.914,2.875,2.942
2013-09-10,2.972,2.966,2.916,2.918
2013-09-11,2.979,2.912,2.908,2.97
2013-09-12,2.92,2.905,2.862,2.92
2013-09-13,2.957,2.89,2.879,2.914
2013-09-16,2.89,2.862,2.777,2.89
2013-09-17,2.874,2.849,2.829,2.868
2013-09-18,2.9,2.691,2.673,2.844
2013-09-19,2.757,2.752,2.675,2.704
2013-09-20,2.774,2.736,2.717,2.752
2013-09-23,2.758,2.701,2.697,2.736
2013-09-24,2.708,2.655,2.642,2.703
2013-09-25,2.666,2.626,2.61,2.657
2013-09-26,2.659,2.648,2.622,2.635
2013-09-27,2.67,2.628,2.605,2.648
2013-09-30,2.645,2.615,2.59,2.595
2013-10-01,2.666,2.65,2.612,2.614
2013-10-02,2.661,2.619,2.592,2.659
2013-10-03,2.652,2.605,2.581,2.617
2013-10-04,2.659,2.645,2.61,2.61
2013-10-07,2.637,2.63,2.606,2.634
2013-10-08,2.659,2.638,2.614,2.626
2013-10-09,2.674,2.661,2.616,2.623
2013-10-10,2.722,2.685,2.667,2.667
2013-10-11,2.693,2.682,2.645,2.687
2013-10-15,2.74,2.72,2.691,2.739
2013-10-16,2.759,2.671,2.663,2.74
2013-10-17,2.672,2.587,2.581,2.671
2013-10-18,2.605,2.589,2.54,2.601
2013-10-21,2.62,2.609,2.579,2.59
2013-10-22,2.611,2.512,2.509,2.607
2013-10-23,2.509,2.485,2.471,2.507
2013-10-24,2.522,2.521,2.474,2.5
2013-10-25,2.522,2.503,2.494,2.52
2013-10-28,2.527,2.512,2.5,2.514
2013-10-29,2.536,2.507,2.5,2.52
2013-10-30,2.549,2.527,2.473,2.509
2013-10-31,2.571,2.543,2.502,2.542
2013-11-01,2.629,2.62,2.554,2.56
2013-11-04,2.624,2.602,2.589,2.615
2013-11-05,2.677,2.662,2.594,2.602
2013-11-06,2.673,2.64,2.631,2.668
2013-11-07,2.651,2.613,2.596,2.644
2013-11-08,2.763,2.746,2.593,2.602
2013-11-12,2.792,2.768,2.753,2.766
2013-11-13,2.772,2.7162,2.688,2.77
2013-11-14,2.739,2.702,2.684,2.718
2013-11-15,2.732,2.707,2.691,2.696
2013-11-18,2.721,2.678,2.662,2.714
2013-11-19,2.716,2.712,2.66,2.669
2013-11-20,2.806,2.791,2.685,2.707
2013-11-21,2.839,2.784,2.775,2.811
2013-11-22,2.793,2.754,2.744,2.784
2013-11-25,2.77,2.741,2.728,2.755
2013-11-26,2.734,2.696,2.694,2.719
2013-11-27,2.77,2.736,2.708,2.714
2013-11-29,2.768,2.741,2.736,2.746
2013-12-02,2.81,2.801,2.752,2.753
2013-12-03,2.806,2.775,2.757,2.801
2013-12-04,2.852,2.841,2.777,2.788
2013-12-05,2.877,2.863,2.822,2.835
2013-12-06,2.932,2.881,2.841,2.879
2013-12-09,2.866,2.857,2.833,2.864
2013-12-10,2.85,2.797,2.792,2.844
2013-12-11,2.859,2.844,2.803,2.821
2013-12-12,2.888,2.877,2.841,2.859
2013-12-13,2.89,2.868,2.854,2.877
2013-12-16,2.887,2.877,2.839,2.866
2013-12-17,2.887,2.843,2.835,2.874
2013-12-18,2.929,2.887,2.824,2.841
2013-12-19,2.951,2.925,2.878,2.887
2013-12-20,2.966,2.885,2.879,2.94
2013-12-23,2.935,2.929,2.876,2.891
2013-12-24,2.987,2.983,2.922,2.929
2013-12-26,3.0,2.991,2.951,2.998
2013-12-27,3.02,3.006,2.972,2.989
2013-12-30,3.015,2.976,2.967,3.006
2013-12-31,3.036,3.006,2.98,2.98
2014-01-02,3.041,2.985,2.978,3.038
2014-01-03,3.012,2.995,2.969,2.984
2014-01-06,3.013,2.961,2.947,3.013
2014-01-07,2.967,2.937,2.937,2.961
2014-01-08,3.01,2.993,2.945,2.945
2014-01-09,3.001,2.965,2.96,2.987
2014-01-10,2.974,2.86,2.856,2.973
2014-01-13,2.865,2.825,2.819,2.864
2014-01-14,2.875,2.869,2.829,2.836
2014-01-15,2.912,2.884,2.86,2.875
2014-01-16,2.893,2.845,2.838,2.893
2014-01-17,2.86,2.827,2.818,2.845
2014-01-21,2.867,2.823,2.819,2.827
2014-01-22,2.867,2.86,2.829,2.83
2014-01-23,2.873,2.774,2.759,2.871
2014-01-24,2.788,2.735,2.706,2.781
2014-01-27,2.768,2.766,2.71,2.715
2014-01-28,2.785,2.748,2.739,2.753
2014-01-29,2.79,2.675,2.662,2.775
2014-01-30,2.726,2.695,2.675,2.688
2014-01-31,2.71,2.666,2.646,2.699
2014-02-03,2.68,2.582,2.57,2.666
2014-02-04,2.635,2.624,2.575,2.586
2014-02-05,2.675,2.668,2.599,2.629
2014-02-06,2.709,2.702,2.658,2.669
2014-02-07,2.726,2.675,2.633,2.7
2014-02-10,2.695,2.678,2.664,2.684
2014-02-11,2.733,2.717,2.682,2.682
2014-02-12,2.777,2.763,2.715,2.72
2014-02-13,2.786,2.736,2.727,2.786
2014-02-14,2.755,2.745,2.711,2.739
2014-02-18,2.763,2.71,2.696,2.75
2014-02-19,2.743,2.734,2.675,2.707
2014-02-20,2.773,2.754,2.698,2.734
2014-02-21,2.781,2.734,2.73,2.755
2014-02-24,2.763,2.75,2.721,2.736
2014-02-25,2.748,2.701,2.698,2.744
2014-02-26,2.719,2.674,2.662,2.707
2014-02-27,2.678,2.642,2.635,2.673
2014-02-28,2.698,2.66,2.633,2.646
2014-03-03,2.635,2.608,2.592,2.61
2014-03-04,2.703,2.69,2.603,2.605
2014-03-05,2.719,2.696,2.68,2.692
2014-03-06,2.748,2.737,2.698,2.703
2014-03-07,2.821,2.792,2.721,2.744
2014-03-10,2.804,2.784,2.764,2.79
2014-03-11,2.799,2.766,2.763,2.783
2014-03-12,2.773,2.726,2.714,2.77
2014-03-13,2.755,2.653,2.642,2.734
2014-03-14,2.667,2.645,2.61,2.647
2014-03-17,2.699,2.697,2.638,2.642
2014-03-18,2.701,2.679,2.661,2.694
2014-03-19,2.793,2.772,2.661,2.674
2014-03-20,2.793,2.775,2.743,2.768
2014-03-21,2.784,2.75,2.741,2.766
2014-03-24,2.783,2.735,2.721,2.757
2014-03-25,2.763,2.735,2.721,2.735
2014-03-26,2.763,2.703,2.685,2.75
2014-03-27,2.714,2.672,2.659,2.695
2014-03-28,2.734,2.712,2.67,2.685
2014-03-31,2.768,2.724,2.719,2.724
2014-04-01,2.766,2.759,2.724,2.726
2014-04-02,2.81,2.803,2.755,2.757
2014-04-03,2.806,2.79,2.777,2.806
2014-04-04,2.801,2.726,2.721,2.799
2014-04-07,2.735,2.695,2.683,2.723
2014-04-08,2.721,2.681,2.674,2.708
2014-04-09,2.723,2.686,2.674,2.684
2014-04-10,2.703,2.628,2.614,2.695
2014-04-11,2.657,2.619,2.607,2.641
2014-04-14,2.657,2.639,2.603,2.603
2014-04-15,2.663,2.628,2.596,2.646
2014-04-16,2.661,2.637,2.625,2.626
2014-04-17,2.726,2.721,2.623,2.632
2014-04-21,2.733,2.715,2.688,2.719
2014-04-22,2.748,2.726,2.699,2.717
2014-04-23,2.722,2.686,2.677,2.717
2014-04-24,2.733,2.688,2.681,2.702
2014-04-25,2.69,2.666,2.644,2.686
2014-04-28,2.71,2.7077,2.668,2.675
2014-04-29,2.731,2.695,2.688,2.708
2014-04-30,2.717,2.648,2.644,2.691
2014-05-01,2.662,2.606,2.593,2.659
2014-05-02,2.7,2.593,2.573,2.615
2014-05-05,2.613,2.611,2.572,2.575
2014-05-06,2.626,2.595,2.586,2.606
2014-05-07,2.617,2.59,2.577,2.599
2014-05-08,2.634,2.602,2.58,2.623
2014-05-09,2.636,2.623,2.591,2.611
2014-05-12,2.665,2.656,2.631,2.631
2014-05-13,2.661,2.618,2.607,2.661
2014-05-14,2.62,2.544,2.525,2.616
2014-05-15,2.562,2.502,2.473,2.543
2014-05-16,2.527,2.518,2.489,2.495
2014-05-19,2.546,2.536,2.495,2.521
2014-05-20,2.553,2.509,2.502,2.543
2014-05-21,2.561,2.536,2.5,2.509
2014-05-22,2.568,2.555,2.534,2.543
2014-05-23,2.557,2.534,2.518,2.552
2014-05-27,2.553,2.518,2.512,2.539
2014-05-28,2.516,2.438,2.434,2.514
2014-05-29,2.47,2.447,2.402,2.448
2014-05-30,2.491,2.457,2.452,2.466
2014-06-02,2.541,2.534,2.475,2.484
2014-06-03,2.6,2.593,2.518,2.529
2014-06-04,2.615,2.606,2.568,2.595
2014-06-05,2.647,2.584,2.57,2.597
2014-06-06,2.602,2.597,2.53,2.582
2014-06-09,2.628,2.613,2.595,2.595
2014-06-10,2.651,2.637,2.59,2.602
2014-06-11,2.662,2.64,2.613,2.653
2014-06-12,2.658,2.586,2.575,2.644
2014-06-13,2.644,2.604,2.586,2.606
2014-06-16,2.613,2.599,2.577,2.602
2014-06-17,2.657,2.653,2.588,2.601
2014-06-18,2.66,2.615,2.586,2.659
2014-06-19,2.646,2.622,2.565,2.59
2014-06-20,2.659,2.624,2.606,2.622
2014-06-23,2.63,2.621,2.59,2.612
2014-06-24,2.621,2.586,2.575,2.619
2014-06-25,2.588,2.559,2.529,2.577
2014-06-26,2.568,2.523,2.516,2.561
2014-06-27,2.536,2.532,2.507,2.527
2014-06-30,2.548,2.516,2.514,2.529
2014-07-01,2.57,2.565,2.521,2.53
2014-07-02,2.63,2.628,2.548,2.568
2014-07-03,2.692,2.648,2.615,2.625
2014-07-07,2.661,2.617,2.608,2.656
2014-07-08,2.621,2.565,2.554,2.616
2014-07-09,2.603,2.545,2.543,2.559
2014-07-10,2.558,2.534,2.494,2.558
2014-07-11,2.547,2.52,2.505,2.536
2014-07-14,2.55,2.549,2.518,2.525
2014-07-15,2.57,2.55,2.52,2.547
2014-07-16,2.569,2.538,2.527,2.547
2014-07-17,2.527,2.475,2.441,2.525
2014-07-18,2.502,2.484,2.448,2.451
2014-07-21,2.491,2.475,2.448,2.482
2014-07-22,2.505,2.466,2.46,2.473
2014-07-23,2.478,2.464,2.449,2.467
2014-07-24,2.522,2.509,2.458,2.469
2014-07-25,2.52,2.469,2.464,2.503
2014-07-28,2.496,2.491,2.466,2.471
2014-07-29,2.498,2.462,2.451,2.491
2014-07-30,2.569,2.552,2.458,2.46
2014-07-31,2.614,2.558,2.538,2.558
2014-08-01,2.591,2.505,2.482,2.562
2014-08-04,2.513,2.491,2.471,2.502
2014-08-05,2.525,2.483,2.473,2.487
2014-08-06,2.489,2.474,2.433,2.487
2014-08-07,2.482,2.424,2.408,2.471
2014-08-08,2.426,2.415,2.349,2.42
2014-08-11,2.44,2.42,2.411,2.431
2014-08-12,2.451,2.442,2.415,2.431
2014-08-13,2.471,2.413,2.408,2.458
2014-08-14,2.442,2.398,2.391,2.43
2014-08-15,2.412,2.345,2.303,2.407
2014-08-18,2.398,2.387,2.352,2.356
2014-08-19,2.407,2.407,2.361,2.396
2014-08-20,2.446,2.428,2.398,2.401
2014-08-21,2.448,2.407,2.398,2.434
2014-08-22,2.444,2.403,2.378,2.41
2014-08-25,2.432,2.389,2.377,2.41
2014-08-26,2.4,2.393,2.368,2.384
2014-08-27,2.394,2.361,2.357,2.393
2014-08-28,2.357,2.334,2.322,2.357
2014-08-29,2.354,2.345,2.325,2.343
2014-09-02,2.425,2.419,2.354,2.357
2014-09-03,2.467,2.41,2.396,2.419
2014-09-04,2.457,2.448,2.382,2.403
2014-09-05,2.487,2.46,2.387,2.468
2014-09-08,2.48,2.469,2.421,2.45
2014-09-09,2.509,2.5,2.478,2.48
2014-09-10,2.543,2.536,2.493,2.5
2014-09-11,2.554,2.532,2.507,2.532
2014-09-12,2.616,2.614,2.545,2.547
2014-09-15,2.651,2.591,2.582,2.612
2014-09-16,2.596,2.589,2.553,2.591
2014-09-17,2.625,2.6,2.547,2.591
2014-09-18,2.642,2.629,2.594,2.629
2014-09-19,2.655,2.587,2.575,2.629
2014-09-22,2.578,2.567,2.547,2.569
2014-09-23,2.556,2.533,2.527,2.556
2014-09-24,2.569,2.569,2.527,2.531
2014-09-25,2.571,2.511,2.502,2.567
2014-09-26,2.549,2.535,2.49,2.506
2014-09-29,2.54,2.491,2.479,2.524
2014-09-30,2.524,2.508,2.479,2.479
2014-10-01,2.508,2.402,2.384,2.5
2014-10-02,2.439,2.436,2.384,2.387
2014-10-03,2.484,2.447,2.429,2.436
2014-10-06,2.452,2.425,2.404,2.439
2014-10-07,2.43,2.35,2.337,2.421
2014-10-08,2.386,2.33,2.311,2.352
2014-10-09,2.345,2.327,2.279,2.33
2014-10-10,2.348,2.305,2.28,2.316
2014-10-14,2.264,2.206,2.176,2.24
2014-10-15,2.229,2.092,1.865,2.204
2014-10-16,2.18,2.155,1.978,2.111
2014-10-17,2.229,2.199,2.122,2.155
2014-10-20,2.225,2.183,2.16,2.218
2014-10-21,2.227,2.208,2.135,2.176
2014-10-22,2.25,2.23,2.178,2.216
2014-10-23,2.3,2.277,2.201,2.216
2014-10-24,2.278,2.273,2.229,2.275
2014-10-27,2.298,2.257,2.243,2.287
2014-10-28,2.3,2.284,2.248,2.262
2014-10-29,2.362,2.323,2.276,2.296
2014-10-30,2.333,2.305,2.28,2.31
2014-10-31,2.359,2.335,2.296,2.307
2014-11-03,2.384,2.348,2.301,2.309
2014-11-04,2.351,2.342,2.303,2.341
2014-11-05,2.369,2.35,2.328,2.333
2014-11-06,2.391,2.377,2.326,2.344
2014-11-07,2.407,2.312,2.299,2.387
2014-11-10,2.362,2.359,2.273,2.308
2014-11-12,2.377,2.359,2.319,2.373
2014-11-13,2.384,2.345,2.34,2.377
2014-11-14,2.377,2.32,2.315,2.345
2014-11-17,2.347,2.34,2.282,2.313
2014-11-18,2.342,2.322,2.308,2.335
2014-11-19,2.363,2.351,2.31,2.317
2014-11-20,2.358,2.333,2.303,2.358
2014-11-21,2.354,2.315,2.308,2.34
2014-11-24,2.338,2.308,2.299,2.31
2014-11-25,2.317,2.261,2.257,2.305
2014-11-26,2.262,2.234,2.229,2.259
2014-11-28,2.225,2.196,2.166,2.215
2014-12-01,2.243,2.218,2.15,2.178
2014-12-02,2.296,2.285,2.225,2.234
2014-12-03,2.306,2.285,2.278,2.292
2014-12-04,2.298,2.257,2.236,2.282
2014-12-05,2.331,2.307,2.243,2.245
2014-12-08,2.347,2.257,2.243,2.31
2014-12-09,2.271,2.22,2.187,2.264
2014-12-10,2.23,2.169,2.155,2.218
2014-12-11,2.216,2.178,2.139,2.167
2014-12-12,2.171,2.103,2.083,2.171
2014-12-15,2.136,2.116,2.071,2.078
2014-12-16,2.118,2.071,2.009,2.116
2014-12-17,2.15,2.15,2.047,2.061
2014-12-18,2.225,2.204,2.111,2.148
2014-12-19,2.234,2.176,2.157,2.213
2014-12-22,2.19,2.162,2.149,2.165
2014-12-23,2.271,2.257,2.155,2.157
2014-12-24,2.301,2.262,2.241,2.26
2014-12-26,2.266,2.25,2.236,2.255
2014-12-29,2.253,2.207,2.193,2.248
2014-12-30,2.209,2.19,2.167,2.202
2014-12-31,2.19,2.174,2.165,2.183
2015-01-02,2.213,2.123,2.102,2.2
2015-01-05,2.133,2.037,2.027,2.102
2015-01-06,2.039,1.963,1.887,2.037
2015-01-07,2.009,1.952,1.926,1.944
2015-01-08,2.03,2.016,1.968,1.976
2015-01-09,2.028,1.969,1.943,2.018
2015-01-12,1.98,1.912,1.902,1.964
2015-01-13,1.945,1.89,1.864,1.905
2015-01-14,1.902,1.835,1.784,1.9
2015-01-15,1.9,1.775,1.702,1.86
2015-01-16,1.839,1.815,1.698,1.724
2015-01-20,1.837,1.807,1.759,1.8
2015-01-21,1.875,1.851,1.773,1.796
2015-01-22,1.953,1.896,1.81,1.868
2015-01-23,1.875,1.818,1.781,1.875
2015-01-26,1.844,1.827,1.752,1.767
2015-01-27,1.832,1.825,1.748,1.827
2015-01-28,1.835,1.728,1.7,1.821
2015-01-29,1.785,1.753,1.714,1.727
2015-01-30,1.761,1.68,1.637,1.761
2015-02-02,1.712,1.673,1.649,1.653
2015-02-03,1.802,1.78,1.661,1.673
2015-02-04,1.846,1.795,1.737,1.791
2015-02-05,1.829,1.815,1.718,1.738
2015-02-06,1.965,1.938,1.796,1.82
2015-02-09,1.986,1.948,1.886,1.941
2015-02-10,2.016,1.991,1.96,1.969
2015-02-11,2.028,1.988,1.97,1.977
2015-02-12,2.049,1.986,1.959,1.997
2015-02-13,2.106,2.021,1.976,1.984
2015-02-17,2.152,2.143,1.998,2.017
2015-02-18,2.164,2.068,2.043,2.138
2015-02-19,2.126,2.112,2.043,2.082
2015-02-20,2.141,2.133,2.045,2.119
2015-02-23,2.136,2.057,2.054,2.113
2015-02-24,2.108,1.986,1.972,2.066
2015-02-25,2.002,1.969,1.957,1.988
2015-02-26,2.038,2.014,1.931,1.972
2015-02-27,2.052,2.002,1.993,2.026
2015-03-02,2.096,2.084,1.991,2.005
2015-03-03,2.128,2.122,2.073,2.08
2015-03-04,2.142,2.121,2.094,2.122
2015-03-05,2.147,2.11,2.096,2.112
2015-03-06,2.259,2.24,2.101,2.121
2015-03-09,2.25,2.195,2.186,2.25
2015-03-10,2.211,2.128,2.117,2.201
2015-03-11,2.16,2.11,2.096,2.128
2015-03-12,2.123,2.096,2.042,2.105
2015-03-13,2.148,2.11,2.084,2.116
2015-03-16,2.107,2.098,2.065,2.107
2015-03-17,2.08,2.059,2.038,2.08
2015-03-18,2.058,1.949,1.906,2.056
2015-03-19,1.989,1.976,1.899,1.916
2015-03-20,1.975,1.93,1.923,1.965
2015-03-23,1.942,1.915,1.906,1.925
2015-03-24,1.925,1.878,1.866,1.92
2015-03-25,1.932,1.92,1.852,1.878
2015-03-26,2.012,2.009,1.89,1.927
2015-03-27,2.002,1.948,1.944,2.0
2015-03-30,1.975,1.961,1.941,1.956
2015-03-31,1.968,1.934,1.923,1.954
2015-04-01,1.947,1.868,1.852,1.93
2015-04-02,1.916,1.904,1.831,1.859
2015-04-03,1.906,1.8416,1.802,1.904
2015-04-06,1.911,1.902,1.826,1.831
2015-04-07,1.928,1.893,1.881,1.899
2015-04-08,1.925,1.895,1.873,1.888
2015-04-09,1.967,1.958,1.876,1.902
2015-04-10,1.967,1.953,1.919,1.963
2015-04-13,1.982,1.939,1.926,1.949
2015-04-14,1.932,1.904,1.855,1.928
2015-04-15,1.918,1.9,1.872,1.891
2015-04-16,1.926,1.878,1.869,1.895
2015-04-17,1.912,1.85,1.844,1.891
2015-04-20,1.902,1.897,1.853,1.87
2015-04-21,1.919,1.914,1.865,1.884
2015-04-22,1.993,1.972,1.891,1.909
2015-04-23,1.989,1.947,1.935,1.98
2015-04-24,1.972,1.917,1.907,1.958
2015-04-27,1.949,1.924,1.895,1.91
2015-04-28,2.007,1.973,1.916,1.924
2015-04-29,2.081,2.035,1.98,1.986
2015-04-30,2.11,2.044,2.019,2.033
2015-05-01,2.124,2.117,2.046,2.049
2015-05-04,2.148,2.135,2.087,2.133
2015-05-05,2.201,2.176,2.117,2.148
2015-05-06,2.258,2.24,2.178,2.185
2015-05-07,2.312,2.184,2.167,2.241
2015-05-08,2.2,2.15,2.101,2.176
2015-05-11,2.287,2.272,2.13,2.137
2015-05-12,2.366,2.262,2.234,2.276
2015-05-13,2.298,2.282,2.189,2.26
2015-05-14,2.292,2.239,2.223,2.28
2015-05-15,2.234,2.141,2.132,2.23
2015-05-18,2.243,2.228,2.139,2.153
2015-05-19,2.303,2.262,2.183,2.23
2015-05-20,2.285,2.25,2.228,2.28
2015-05-21,2.257,2.186,2.183,2.248
2015-05-22,2.241,2.229,2.163,2.195
2015-05-26,2.213,2.135,2.132,2.204
2015-05-27,2.176,2.135,2.125,2.153
2015-05-28,2.153,2.13,2.116,2.135
2015-05-29,2.141,2.095,2.09,2.137
2015-06-01,2.199,2.192,2.106,2.128
2015-06-02,2.277,2.266,2.176,2.185
2015-06-03,2.388,2.366,2.254,2.259
2015-06-04,2.425,2.307,2.296,2.361
2015-06-05,2.442,2.4,2.314,2.316
2015-06-08,2.415,2.381,2.366,2.413
2015-06-09,2.449,2.417,2.354,2.388
2015-06-10,2.495,2.478,2.433,2.433
2015-06-11,2.5,2.384,2.377,2.475
2015-06-12,2.406,2.385,2.334,2.384
2015-06-15,2.376,2.358,2.313,2.349
2015-06-16,2.356,2.316,2.307,2.352
2015-06-17,2.403,2.308,2.304,2.309
2015-06-18,2.381,2.351,2.261,2.3
2015-06-19,2.326,2.267,2.258,2.326
2015-06-22,2.378,2.362,2.279,2.286
2015-06-23,2.429,2.409,2.362,2.374
2015-06-24,2.416,2.371,2.365,2.4
2015-06-25,2.423,2.393,2.364,2.365
2015-06-26,2.489,2.476,2.394,2.403
2015-06-29,2.409,2.331,2.292,2.303
2015-06-30,2.378,2.333,2.31,2.326
2015-07-01,2.444,2.418,2.349,2.373
2015-07-02,2.47,2.391,2.364,2.429
2015-07-06,2.346,2.278,2.274,2.274
2015-07-07,2.316,2.231,2.185,2.296
2015-07-08,2.256,2.206,2.176,2.256
2015-07-09,2.325,2.301,2.181,2.197
2015-07-10,2.421,2.415,2.334,2.35
2015-07-13,2.47,2.43,2.375,2.388
2015-07-14,2.45,2.399,2.388,2.447
2015-07-15,2.432,2.348,2.345,2.39
2015-07-16,2.398,2.352,2.338,2.374
2015-07-17,2.374,2.349,2.332,2.361
2015-07-20,2.396,2.374,2.342,2.36
2015-07-21,2.403,2.342,2.327,2.372
2015-07-22,2.342,2.322,2.302,2.331
2015-07-23,2.343,2.278,2.268,2.325
2015-07-24,2.286,2.273,2.255,2.275
2015-07-27,2.266,2.228,2.21,2.262
2015-07-28,2.266,2.25,2.219,2.221
2015-07-29,2.297,2.277,2.252,2.259
2015-07-30,2.322,2.268,2.255,2.295
2015-07-31,2.286,2.205,2.182,2.257
2015-08-03,2.209,2.152,2.139,2.2
2015-08-04,2.228,2.211,2.143,2.144
2015-08-05,2.293,2.268,2.214,2.234
2015-08-06,2.281,2.234,2.218,2.272
2015-08-07,2.254,2.175,2.164,2.228
2015-08-10,2.243,2.238,2.175,2.177
2015-08-11,2.232,2.139,2.114,2.23
2015-08-12,2.157,2.13,2.045,2.15
2015-08-13,2.198,2.187,2.112,2.141
2015-08-14,2.221,2.198,2.161,2.184
2015-08-17,2.201,2.152,2.145,2.198
2015-08-18,2.203,2.196,2.138,2.164
2015-08-19,2.23,2.129,2.113,2.194
2015-08-20,2.134,2.084,2.07,2.133
2015-08-21,2.091,2.05,2.03,2.078
2015-08-24,2.045,1.998,1.905,2.031
2015-08-25,2.136,2.133,2.007,2.012
2015-08-26,2.193,2.172,2.052,2.057
2015-08-27,2.207,2.166,2.133,2.168
2015-08-28,2.197,2.184,2.128,2.193
2015-08-31,2.22,2.2,2.136,2.195
2015-09-01,2.214,2.172,2.151,2.214
2015-09-02,2.198,2.193,2.144,2.161
2015-09-03,2.197,2.168,2.151,2.179
2015-09-04,2.169,2.128,2.109,2.165
2015-09-08,2.201,2.193,2.126,2.151
2015-09-09,2.254,2.181,2.17,2.186
2015-09-10,2.236,2.222,2.176,2.183
2015-09-11,2.226,2.183,2.172,2.222
2015-09-14,2.203,2.18,2.164,2.201
2015-09-15,2.294,2.281,2.164,2.185
2015-09-16,2.303,2.303,2.258,2.274
2015-09-17,2.298,2.217,2.188,2.298
2015-09-18,2.197,2.132,2.126,2.194
2015-09-21,2.217,2.214,2.148,2.148
2015-09-22,2.198,2.127,2.114,2.198
2015-09-23,2.173,2.144,2.121,2.123
2015-09-24,2.158,2.12,2.081,2.146
2015-09-25,2.198,2.168,2.137,2.151
2015-09-28,2.169,2.095,2.091,2.157
2015-09-29,2.12,2.053,2.042,2.098
2015-09-30,2.104,2.06,2.035,2.063
2015-10-01,2.072,2.042,2.009,2.042
2015-10-02,2.065,1.989,1.904,2.049
2015-10-05,2.063,2.056,1.977,1.984
2015-10-06,2.077,2.035,2.028,2.049
2015-10-07,2.086,2.06,2.035,2.037
2015-10-08,2.122,2.108,2.033,2.069
2015-10-09,2.138,2.099,2.079,2.099
2015-10-13,2.078,2.055,2.037,2.069
2015-10-14,2.049,1.982,1.974,2.047
2015-10-15,2.028,2.021,1.9876,1.9876
2015-10-16,2.037,2.023,2.0,2.026
2015-10-19,2.056,2.028,2.014,2.023
2015-10-20,2.079,2.071,2.014,2.024
2015-10-21,2.072,2.03,2.017,2.06
2015-10-22,2.055,2.025,2.003,2.023
2015-10-23,2.099,2.083,2.023,2.035
2015-10-26,2.085,2.058,2.051,2.083
2015-10-27,2.06,2.028,2.009,2.055
2015-10-28,2.106,2.092,2.028,2.044
2015-10-29,2.18,2.172,2.081,2.092
2015-10-30,2.183,2.151,2.142,2.162
2015-11-02,2.189,2.185,2.13,2.137
2015-11-03,2.225,2.22,2.165,2.167
2015-11-04,2.241,2.23,2.198,2.209
2015-11-05,2.263,2.245,2.22,2.229
2015-11-06,2.349,2.333,2.223,2.236
2015-11-09,2.377,2.342,2.323,2.329
2015-11-10,2.353,2.322,2.311,2.347
2015-11-12,2.354,2.319,2.299,2.331
2015-11-13,2.32,2.28,2.267,2.317
2015-11-16,2.278,2.273,2.238,2.245
2015-11-17,2.313,2.261,2.247,2.275
2015-11-18,2.299,2.269,2.259,2.273
2015-11-19,2.276,2.246,2.232,2.273
2015-11-20,2.266,2.262,2.231,2.255
2015-11-23,2.297,2.25,2.239,2.273
2015-11-24,2.252,2.243,2.206,2.243
2015-11-25,2.248,2.232,2.224,2.246
2015-11-27,2.231,2.225,2.204,2.222
2015-11-30,2.245,2.218,2.206,2.218
2015-12-01,2.239,2.157,2.145,2.217
2015-12-02,2.201,2.178,2.154,2.154
2015-12-03,2.347,2.328,2.178,2.183
2015-12-04,2.358,2.275,2.26,2.303
2015-12-07,2.292,2.225,2.204,2.285
2015-12-08,2.245,2.238,2.197,2.236
2015-12-09,2.271,2.208,2.197,2.227
2015-12-10,2.239,2.238,2.206,2.218
2015-12-11,2.239,2.139,2.12,2.236
2015-12-14,2.23,2.225,2.138,2.155
2015-12-15,2.289,2.266,2.202,2.218
2015-12-16,2.332,2.289,2.25,2.268
2015-12-17,2.285,2.238,2.223,2.283
2015-12-18,2.234,2.197,2.178,2.23
2015-12-21,2.225,2.197,2.172,2.204
2015-12-22,2.239,2.239,2.185,2.195
2015-12-23,2.28,2.264,2.234,2.236
2015-12-24,2.266,2.243,2.239,2.257
2015-12-28,2.257,2.225,2.213,2.253
2015-12-29,2.319,2.307,2.221,2.232
2015-12-30,2.325,2.305,2.285,2.3
2015-12-31,2.305,2.275,2.266,2.303
2016-01-04,2.293,2.245,2.2,2.293
2016-01-05,2.266,2.25,2.223,2.241
2016-01-06,2.244,2.177,2.168,2.236
2016-01-07,2.2,2.153,2.119,2.183
2016-01-08,2.225,2.131,2.112,2.154
2016-01-11,2.179,2.158,2.126,2.126
2016-01-12,2.2,2.1,2.08,2.175
2016-01-13,2.151,2.066,2.042,2.117
2016-01-14,2.122,2.098,2.049,2.077
2016-01-15,2.101,2.033,1.986,2.101
2016-01-19,2.087,2.036,2.021,2.047
2016-01-20,2.056,1.982,1.939,2.056
2016-01-21,2.035,2.019,1.956,1.996
2016-01-22,2.089,2.048,2.014,2.035
2016-01-25,2.064,2.022,2.003,2.059
2016-01-26,2.027,1.996,1.961,2.005
2016-01-27,2.053,2.003,1.98,1.989
2016-01-28,2.038,1.985,1.971,1.996
2016-01-29,1.992,1.93,1.911,1.987
2016-02-01,1.966,1.966,1.905,1.933
2016-02-02,1.952,1.864,1.847,1.943
2016-02-03,1.896,1.881,1.793,1.85
2016-02-04,1.91,1.864,1.841,1.883
2016-02-05,1.896,1.848,1.825,1.848
2016-02-08,1.87,1.735,1.733,1.853
2016-02-09,1.767,1.729,1.682,1.745
2016-02-10,1.774,1.705,1.67,1.736
2016-02-11,1.683,1.644,1.53,1.681
2016-02-12,1.758,1.746,1.647,1.663
2016-02-16,1.803,1.777,1.743,1.772
2016-02-17,1.847,1.817,1.74,1.778
2016-02-18,1.829,1.76,1.736,1.812
2016-02-19,1.785,1.748,1.719,1.74
2016-02-22,1.783,1.766,1.747,1.748
2016-02-23,1.814,1.745,1.714,1.757
2016-02-24,1.755,1.742,1.647,1.721
2016-02-25,1.76,1.697,1.678,1.752
2016-02-26,1.783,1.764,1.714,1.724
2016-02-29,1.768,1.74,1.73,1.757
2016-03-01,1.837,1.835,1.702,1.737
2016-03-02,1.872,1.848,1.804,1.816
2016-03-03,1.863,1.83,1.814,1.834
2016-03-04,1.902,1.883,1.818,1.835
2016-03-07,1.92,1.904,1.876,1.879
2016-03-08,1.909,1.834,1.804,1.908
2016-03-09,1.897,1.892,1.825,1.829
2016-03-10,1.952,1.929,1.855,1.876
2016-03-11,1.986,1.977,1.916,1.932
2016-03-14,1.986,1.963,1.941,1.979
2016-03-15,1.975,1.959,1.915,1.963
2016-03-16,2.002,1.938,1.908,1.97
2016-03-17,1.919,1.903,1.854,1.908
2016-03-18,1.901,1.871,1.863,1.901
2016-03-21,1.924,1.921,1.868,1.893
2016-03-22,1.946,1.935,1.879,1.919
2016-03-23,1.954,1.875,1.872,1.951
2016-03-24,1.902,1.893,1.852,1.884
2016-03-28,1.918,1.872,1.863,1.914
2016-03-29,1.898,1.812,1.8,1.883
2016-03-30,1.862,1.83,1.804,1.809
2016-03-31,1.832,1.784,1.769,1.816
2016-04-01,1.814,1.791,1.762,1.784
2016-04-04,1.791,1.779,1.753,1.765
2016-04-05,1.764,1.727,1.715,1.764
2016-04-06,1.774,1.753,1.729,1.732
2016-04-07,1.769,1.689,1.685,1.758
2016-04-08,1.738,1.722,1.699,1.701
2016-04-11,1.755,1.724,1.698,1.732
2016-04-12,1.7848,1.781,1.725,1.729
2016-04-13,1.797,1.762,1.757,1.778
2016-04-14,1.804,1.781,1.752,1.773
2016-04-15,1.799,1.752,1.74,1.787
2016-04-18,1.787,1.771,1.722,1.726
2016-04-19,1.806,1.783,1.771,1.783
2016-04-20,1.859,1.852,1.752,1.78
2016-04-21,1.891,1.87,1.833,1.84
2016-04-22,1.897,1.888,1.847,1.868
2016-04-25,1.914,1.902,1.865,1.891
2016-04-26,1.941,1.931,1.89,1.907
2016-04-27,1.923,1.86,1.851,1.922
2016-04-28,1.872,1.838,1.81,1.847
2016-04-29,1.876,1.819,1.816,1.839
2016-05-02,1.874,1.865,1.81,1.83
2016-05-03,1.858,1.8,1.782,1.856
2016-05-04,1.817,1.784,1.77,1.807
2016-05-05,1.809,1.747,1.735,1.793
2016-05-06,1.786,1.777,1.705,1.756
2016-05-09,1.793,1.76,1.747,1.789
2016-05-10,1.775,1.76,1.747,1.753
2016-05-11,1.77,1.737,1.721,1.767
2016-05-12,1.765,1.758,1.715,1.724
2016-05-13,1.755,1.705,1.7,1.752
2016-05-16,1.757,1.753,1.7,1.702
2016-05-17,1.776,1.759,1.736,1.753
2016-05-18,1.887,1.883,1.764,1.774
2016-05-19,1.883,1.845,1.83,1.849
2016-05-20,1.868,1.849,1.837,1.849
2016-05-23,1.856,1.84,1.818,1.838
2016-05-24,1.88,1.859,1.821,1.838
2016-05-25,1.882,1.87,1.849,1.859
2016-05-26,1.87,1.823,1.821,1.86
2016-05-27,1.855,1.835,1.821,1.833
2016-05-31,1.89,1.834,1.83,1.86
2016-06-01,1.856,1.846,1.804,1.844
2016-06-02,1.841,1.811,1.796,1.837
2016-06-03,1.813,1.704,1.697,1.808
2016-06-06,1.742,1.723,1.704,1.704
2016-06-07,1.744,1.713,1.704,1.733
2016-06-08,1.721,1.707,1.697,1.719
2016-06-09,1.709,1.68,1.659,1.704
2016-06-10,1.683,1.639,1.627,1.68
2016-06-13,1.64,1.616,1.608,1.625
2016-06-14,1.625,1.611,1.567,1.611
2016-06-15,1.637,1.594,1.572,1.613
2016-06-16,1.581,1.563,1.518,1.57
2016-06-17,1.622,1.618,1.582,1.589
2016-06-20,1.69,1.67,1.642,1.656
2016-06-21,1.711,1.697,1.661,1.671
2016-06-22,1.711,1.687,1.68,1.697
2016-06-23,1.749,1.739,1.694,1.702
2016-06-24,1.704,1.579,1.406,1.682
2016-06-27,1.526,1.46,1.436,1.507
2016-06-28,1.483,1.461,1.428,1.439
2016-06-29,1.519,1.476,1.454,1.465
2016-06-30,1.546,1.492,1.453,1.512
2016-07-01,1.473,1.461,1.382,1.471
2016-07-05,1.441,1.367,1.357,1.439
2016-07-06,1.395,1.385,1.321,1.367
2016-07-07,1.422,1.387,1.355,1.37
2016-07-08,1.442,1.365,1.346,1.39
2016-07-11,1.435,1.434,1.358,1.366
2016-07-12,1.531,1.513,1.422,1.425
2016-07-13,1.508,1.467,1.459,1.508
2016-07-14,1.551,1.53,1.466,1.471
2016-07-15,1.601,1.594,1.517,1.52
2016-07-18,1.604,1.587,1.556,1.575
2016-07-19,1.575,1.558,1.537,1.573
2016-07-20,1.596,1.58,1.546,1.559
2016-07-21,1.628,1.565,1.554,1.58
2016-07-22,1.601,1.568,1.537,1.549
2016-07-25,1.592,1.573,1.554,1.571
2016-07-26,1.589,1.561,1.537,1.568
2016-07-27,1.59,1.515,1.498,1.563
2016-07-28,1.535,1.511,1.492,1.504
2016-07-29,1.564,1.458,1.45,1.501
2016-08-01,1.527,1.497,1.463,1.463
2016-08-02,1.573,1.537,1.511,1.52
2016-08-03,1.571,1.542,1.53,1.559
2016-08-04,1.556,1.502,1.484,1.544
2016-08-05,1.592,1.582,1.487,1.501
2016-08-08,1.616,1.585,1.571,1.595
2016-08-09,1.597,1.545,1.535,1.59
2016-08-10,1.545,1.509,1.501,1.545
2016-08-11,1.576,1.571,1.503,1.505
2016-08-12,1.563,1.515,1.48,1.559
2016-08-15,1.561,1.552,1.498,1.512
2016-08-16,1.587,1.576,1.515,1.554
2016-08-17,1.588,1.561,1.537,1.568
2016-08-18,1.566,1.536,1.525,1.539
2016-08-19,1.594,1.58,1.536,1.546
2016-08-22,1.6,1.539,1.536,1.597
2016-08-23,1.571,1.553,1.527,1.551
2016-08-24,1.57,1.559,1.542,1.556
2016-08-25,1.583,1.576,1.548,1.564
2016-08-26,1.635,1.633,1.531,1.571
2016-08-29,1.626,1.566,1.559,1.626
2016-08-30,1.592,1.57,1.561,1.573
2016-08-31,1.585,1.568,1.554,1.57
2016-09-01,1.619,1.57,1.556,1.58
2016-09-02,1.623,1.597,1.543,1.571
2016-09-06,1.62,1.543,1.534,1.609
2016-09-07,1.549,1.539,1.519,1.541
2016-09-08,1.62,1.616,1.529,1.541
2016-09-09,1.678,1.671,1.594,1.602
2016-09-12,1.697,1.672,1.659,1.668
2016-09-13,1.752,1.734,1.637,1.661
2016-09-14,1.743,1.687,1.682,1.725
2016-09-15,1.736,1.703,1.665,1.696
2016-09-16,1.703,1.701,1.66,1.689
2016-09-19,1.714,1.698,1.679,1.693
2016-09-20,1.71,1.687,1.667,1.708
2016-09-21,1.738,1.668,1.653,1.689
2016-09-22,1.656,1.632,1.608,1.649
2016-09-23,1.632,1.615,1.606,1.623
2016-09-26,1.62,1.589,1.574,1.617
2016-09-27,1.606,1.556,1.546,1.589
2016-09-28,1.581,1.567,1.543,1.558
2016-09-29,1.601,1.556,1.543,1.586
2016-09-30,1.617,1.606,1.536,1.553
2016-10-03,1.629,1.624,1.593,1.6
2016-10-04,1.692,1.683,1.612,1.629
2016-10-05,1.73,1.716,1.669,1.685
2016-10-06,1.746,1.742,1.692,1.709
2016-10-07,1.771,1.736,1.718,1.732
2016-10-11,1.781,1.759,1.745,1.767
2016-10-12,1.801,1.778,1.764,1.769
2016-10-13,1.769,1.738,1.727,1.767
2016-10-14,1.805,1.792,1.75,1.752
2016-10-17,1.814,1.766,1.757,1.789
2016-10-18,1.787,1.748,1.74,1.771
2016-10-19,1.77,1.752,1.729,1.745
2016-10-20,1.768,1.747,1.724,1.75
2016-10-21,1.761,1.74,1.731,1.761
2016-10-24,1.775,1.763,1.724,1.742
2016-10-25,1.788,1.758,1.742,1.766
2016-10-26,1.797,1.79,1.742,1.754
2016-10-27,1.87,1.843,1.791,1.797
2016-10-28,1.879,1.845,1.832,1.854
2016-10-31,1.854,1.834,1.826,1.84
2016-11-01,1.879,1.82,1.811,1.838
2016-11-02,1.829,1.799,1.774,1.829
2016-11-03,1.833,1.812,1.776,1.804
2016-11-04,1.822,1.783,1.769,1.806
2016-11-07,1.833,1.828,1.808,1.831
2016-11-08,1.876,1.862,1.807,1.826
2016-11-09,2.092,2.072,1.716,1.858
2016-11-10,2.154,2.118,1.991,2.042
2016-11-14,2.302,2.222,2.168,2.171
2016-11-15,2.251,2.238,2.182,2.251
2016-11-16,2.297,2.223,2.205,2.226
2016-11-17,2.306,2.278,2.187,2.205
2016-11-18,2.364,2.337,2.267,2.322
2016-11-21,2.357,2.337,2.303,2.353
2016-11-22,2.337,2.319,2.287,2.303
2016-11-23,2.417,2.355,2.292,2.312
2016-11-25,2.413,2.37,2.35,2.382
2016-11-28,2.352,2.32,2.311,2.339
2016-11-29,2.35,2.302,2.291,2.312
2016-11-30,2.41,2.367,2.291,2.295
2016-12-01,2.492,2.441,2.377,2.397
2016-12-02,2.448,2.39,2.374,2.437
2016-12-05,2.448,2.387,2.34,2.363
2016-12-06,2.403,2.394,2.374,2.398
2016-12-07,2.401,2.347,2.342,2.396
2016-12-08,2.427,2.389,2.34,2.345
2016-12-09,2.478,2.464,2.397,2.412
2016-12-12,2.528,2.479,2.466,2.489
2016-12-13,2.495,2.48,2.438,2.468
2016-12-14,2.586,2.523,2.422,2.471
2016-12-15,2.641,2.578,2.565,2.58
2016-12-16,2.619,2.597,2.553,2.6
2016-12-19,2.595,2.54,2.529,2.582
2016-12-20,2.59,2.568,2.538,2.54
2016-12-21,2.577,2.544,2.537,2.566
2016-12-22,2.577,2.551,2.527,2.535
2016-12-23,2.558,2.539,2.526,2.556
2016-12-27,2.576,2.563,2.547,2.554
2016-12-28,2.567,2.508,2.503,2.565
2016-12-29,2.512,2.477,2.46,2.512
2016-12-30,2.488,2.432,2.431,2.477
2017-01-03,2.518,2.454,2.437,2.439
2017-01-04,2.478,2.452,2.432,2.454
2017-01-05,2.452,2.368,2.344,2.435
2017-01-06,2.425,2.418,2.334,2.35
2017-01-09,2.443,2.376,2.363,2.443
2017-01-10,2.394,2.379,2.361,2.37
2017-01-11,2.398,2.37,2.329,2.381
2017-01-12,2.365,2.361,2.307,2.361
2017-01-13,2.431,2.38,2.334,2.363
2017-01-17,2.376,2.327,2.305,2.376
2017-01-18,2.433,2.387,2.329,2.333
2017-01-19,2.496,2.459,2.413,2.428
2017-01-20,2.513,2.467,2.45,2.474
2017-01-23,2.476,2.401,2.381,2.441
2017-01-24,2.473,2.471,2.388,2.406
2017-01-25,2.538,2.523,2.449,2.458
2017-01-26,2.555,2.508,2.5,2.51
2017-01-27,2.531,2.481,2.481,2.51
2017-01-30,2.499,2.483,2.462,2.479
2017-01-31,2.499,2.451,2.433,2.484
2017-02-01,2.518,2.474,2.459,2.461
2017-02-02,2.481,2.47,2.433,2.477
2017-02-03,2.506,2.491,2.428,2.477
2017-02-06,2.472,2.413,2.406,2.472
2017-02-07,2.441,2.389,2.367,2.409
2017-02-08,2.402,2.351,2.325,2.397
2017-02-09,2.402,2.397,2.326,2.329
2017-02-10,2.434,2.409,2.397,2.4
2017-02-13,2.452,2.434,2.416,2.423
2017-02-14,2.502,2.47,2.427,2.436
2017-02-15,2.524,2.502,2.466,2.479
2017-02-16,2.499,2.45,2.438,2.499
2017-02-17,2.465,2.425,2.4,2.457
2017-02-21,2.461,2.429,2.413,2.436
2017-02-22,2.454,2.418,2.391,2.438
2017-02-23,2.42,2.388,2.372,2.417
2017-02-24,2.384,2.317,2.31,2.377
2017-02-27,2.37,2.367,2.317,2.324
2017-02-28,2.401,2.358,2.336,2.363
2017-03-01,2.471,2.462,2.397,2.415
2017-03-02,2.505,2.489,2.453,2.467
2017-03-03,2.521,2.492,2.471,2.483
2017-03-06,2.507,2.493,2.457,2.474
2017-03-07,2.52,2.511,2.491,2.494
2017-03-08,2.583,2.551,2.507,2.52
2017-03-09,2.609,2.598,2.558,2.56
2017-03-10,2.624,2.582,2.575,2.613
2017-03-13,2.628,2.607,2.558,2.584
2017-03-14,2.629,2.595,2.588,2.62
2017-03-15,2.6,2.504,2.495,2.598
2017-03-16,2.542,2.524,2.486,2.497
2017-03-17,2.544,2.5,2.49,2.544
2017-03-20,2.513,2.472,2.463,2.508
2017-03-21,2.499,2.434,2.416,2.466
2017-03-22,2.425,2.396,2.375,2.414
2017-03-23,2.437,2.418,2.387,2.409
2017-03-24,2.438,2.4,2.393,2.418
2017-03-27,2.384,2.375,2.348,2.382
2017-03-28,2.421,2.409,2.357,2.382
2017-03-29,2.427,2.387,2.378,2.425
2017-03-30,2.425,2.418,2.373,2.385
2017-03-31,2.431,2.395,2.387,2.414
2017-04-03,2.405,2.35,2.321,2.396
2017-04-04,2.364,2.35,2.314,2.326
2017-04-05,2.384,2.357,2.325,2.361
2017-04-06,2.368,2.343,2.326,2.332
2017-04-07,2.386,2.373,2.269,2.348
2017-04-10,2.395,2.361,2.346,2.384
2017-04-11,2.357,2.298,2.293,2.353
2017-04-12,2.31,2.296,2.239,2.3
2017-04-13,2.271,2.228,2.218,2.248
2017-04-17,2.26,2.252,2.198,2.2
2017-04-18,2.259,2.179,2.165,2.255
2017-04-19,2.225,2.202,2.175,2.182
2017-04-20,2.257,2.241,2.198,2.207
2017-04-21,2.25,2.236,2.209,2.243
2017-04-24,2.325,2.273,2.266,2.314
2017-04-25,2.343,2.329,2.27,2.27
2017-04-26,2.35,2.311,2.302,2.334
2017-04-27,2.322,2.296,2.282,2.313
2017-04-28,2.338,2.282,2.279,2.295
2017-05-01,2.338,2.327,2.28,2.282
2017-05-02,2.34,2.296,2.282,2.32
2017-05-03,2.327,2.309,2.279,2.293
2017-05-04,2.368,2.356,2.325,2.325
2017-05-05,2.381,2.352,2.338,2.343
2017-05-08,2.39,2.376,2.327,2.361
2017-05-09,2.416,2.407,2.378,2.389
2017-05-10,2.416,2.414,2.369,2.39
2017-05-11,2.423,2.4,2.389,2.4
2017-05-12,2.393,2.333,2.322,2.389
2017-05-15,2.352,2.338,2.32,2.326
2017-05-16,2.361,2.327,2.306,2.34
2017-05-17,2.306,2.216,2.212,2.298
2017-05-18,2.25,2.233,2.181,2.236
2017-05-19,2.261,2.245,2.224,2.231
2017-05-22,2.256,2.254,2.238,2.245
2017-05-23,2.29,2.283,2.226,2.234
2017-05-24,2.297,2.266,2.248,2.283
2017-05-25,2.269,2.255,2.243,2.257
2017-05-26,2.255,2.25,2.231,2.255
2017-05-30,2.248,2.215,2.208,2.245
2017-05-31,2.232,2.198,2.196,2.22
2017-06-01,2.239,2.217,2.208,2.213
2017-06-02,2.224,2.159,2.144,2.217
2017-06-05,2.189,2.18,2.154,2.161
2017-06-06,2.18,2.147,2.129,2.18
2017-06-07,2.183,2.18,2.145,2.154
2017-06-08,2.215,2.194,2.178,2.185
2017-06-09,2.228,2.199,2.166,2.174
2017-06-12,2.223,2.213,2.187,2.213
2017-06-13,2.227,2.207,2.2,2.218
2017-06-14,2.211,2.138,2.103,2.211
2017-06-15,2.172,2.162,2.125,2.125
2017-06-16,2.179,2.157,2.144,2.167
2017-06-19,2.193,2.188,2.139,2.158
2017-06-20,2.197,2.153,2.151,2.195
2017-06-21,2.177,2.155,2.144,2.164
2017-06-22,2.167,2.153,2.139,2.162
2017-06-23,2.167,2.144,2.142,2.151
2017-06-26,2.161,2.137,2.121,2.144
2017-06-27,2.216,2.198,2.126,2.142
2017-06-28,2.258,2.223,2.195,2.2
2017-06-29,2.297,2.267,2.221,2.226
2017-06-30,2.309,2.302,2.261,2.268
2017-07-03,2.353,2.346,2.289,2.314
2017-07-05,2.357,2.334,2.321,2.336
2017-07-06,2.391,2.369,2.32,2.332
2017-07-07,2.398,2.393,2.362,2.371
2017-07-10,2.393,2.371,2.362,2.387
2017-07-11,2.395,2.362,2.355,2.38
2017-07-12,2.359,2.327,2.302,2.359
2017-07-13,2.366,2.348,2.305,2.321
2017-07-14,2.357,2.319,2.279,2.352
2017-07-17,2.335,2.309,2.3,2.328
2017-07-18,2.316,2.263,2.257,2.312
2017-07-19,2.282,2.268,2.255,2.268
2017-07-20,2.275,2.266,2.238,2.268
2017-07-21,2.27,2.232,2.225,2.266
2017-07-24,2.261,2.253,2.229,2.23
2017-07-25,2.337,2.326,2.248,2.259
2017-07-26,2.337,2.282,2.278,2.335
2017-07-27,2.328,2.31,2.275,2.284
2017-07-28,2.337,2.287,2.287,2.303
2017-07-31,2.305,2.292,2.273,2.282
2017-08-01,2.321,2.251,2.251,2.303
2017-08-02,2.283,2.262,2.243,2.259
2017-08-03,2.269,2.228,2.218,2.267
2017-08-04,2.29,2.269,2.219,2.225
2017-08-07,2.283,2.257,2.253,2.271
2017-08-08,2.29,2.282,2.253,2.257
2017-08-09,2.258,2.241,2.212,2.253
2017-08-10,2.255,2.211,2.197,2.25
2017-08-11,2.222,2.187,2.182,2.201
2017-08-14,2.229,2.218,2.197,2.197
2017-08-15,2.283,2.266,2.226,2.227
2017-08-16,2.285,2.225,2.22,2.269
2017-08-17,2.247,2.197,2.182,2.229
2017-08-18,2.211,2.194,2.162,2.194
2017-08-21,2.208,2.18,2.177,2.208
2017-08-22,2.22,2.215,2.187,2.189
2017-08-23,2.224,2.171,2.166,2.218
2017-08-24,2.197,2.194,2.173,2.175
2017-08-25,2.203,2.171,2.162,2.194
2017-08-28,2.18,2.159,2.155,2.176
2017-08-29,2.143,2.136,2.086,2.128
2017-08-30,2.155,2.145,2.131,2.135
2017-08-31,2.154,2.122,2.119,2.143
2017-09-01,2.169,2.157,2.099,2.127
2017-09-05,2.148,2.07,2.061,2.134
2017-09-06,2.11,2.106,2.054,2.06
2017-09-07,2.101,2.061,2.034,2.101
2017-09-08,2.075,2.061,2.016,2.044
2017-09-11,2.138,2.125,2.084,2.089
2017-09-12,2.18,2.171,2.125,2.127
2017-09-13,2.201,2.195,2.153,2.165
2017-09-14,2.225,2.199,2.183,2.187
2017-09-15,2.213,2.202,2.176,2.178
2017-09-18,2.237,2.23,2.207,2.207
2017-09-19,2.246,2.243,2.213,2.227
2017-09-20,2.289,2.276,2.222,2.241
2017-09-21,2.282,2.278,2.245,2.278
2017-09-22,2.276,2.262,2.239,2.275
2017-09-25,2.262,2.22,2.214,2.26
2017-09-26,2.248,2.229,2.214,2.222
2017-09-27,2.316,2.309,2.237,2.239
2017-09-28,2.359,2.307,2.301,2.307
2017-09-29,2.341,2.326,2.296,2.314
2017-10-02,2.371,2.337,2.318,2.344
2017-10-03,2.364,2.332,2.321,2.343
2017-10-04,2.348,2.332,2.3,2.328
2017-10-05,2.359,2.35,2.319,2.332
2017-10-06,2.402,2.368,2.348,2.35
2017-10-10,2.372,2.345,2.319,2.362
2017-10-11,2.366,2.345,2.332,2.357
2017-10-12,2.348,2.323,2.318,2.346
2017-10-13,2.334,2.28,2.273,2.325
2017-10-16,2.312,2.309,2.278,2.289
2017-10-17,2.329,2.298,2.296,2.302
2017-10-18,2.352,2.339,2.298,2.302
2017-10-19,2.346,2.321,2.298,2.343
2017-10-20,2.392,2.381,2.316,2.318
2017-10-23,2.397,2.375,2.363,2.394
2017-10-24,2.428,2.406,2.365,2.368
2017-10-25,2.475,2.444,2.414,2.417
2017-10-26,2.463,2.454,2.408,2.428
2017-10-27,2.477,2.428,2.408,2.455
2017-10-30,2.414,2.37,2.367,2.403
2017-10-31,2.385,2.376,2.358,2.363
2017-11-01,2.401,2.376,2.349,2.379
2017-11-02,2.379,2.349,2.336,2.37
2017-11-03,2.361,2.343,2.323,2.349
2017-11-06,2.354,2.32,2.315,2.345
2017-11-07,2.34,2.307,2.304,2.32
2017-11-08,2.336,2.325,2.304,2.304
2017-11-09,2.345,2.331,2.315,2.326
2017-11-10,2.405,2.4,2.336,2.34
2017-11-13,2.411,2.4,2.37,2.4
2017-11-14,2.414,2.381,2.372,2.402
2017-11-15,2.375,2.335,2.319,2.374
2017-11-16,2.379,2.361,2.322,2.324
2017-11-17,2.377,2.354,2.336,2.374
2017-11-20,2.372,2.37,2.324,2.34
2017-11-21,2.374,2.361,2.335,2.359
2017-11-22,2.375,2.322,2.319,2.352
2017-11-24,2.352,2.34,2.324,2.326
2017-11-27,2.354,2.328,2.324,2.342
2017-11-28,2.342,2.337,2.31,2.331
2017-11-29,2.395,2.376,2.321,2.331
2017-11-30,2.437,2.415,2.379,2.386
2017-12-01,2.424,2.363,2.315,2.411
2017-12-04,2.421,2.379,2.371,2.421
2017-12-05,2.395,2.356,2.353,2.378
2017-12-06,2.363,2.33,2.314,2.356
2017-12-07,2.376,2.376,2.322,2.34
2017-12-08,2.392,2.383,2.362,2.374
2017-12-11,2.39,2.385,2.353,2.383
2017-12-12,2.421,2.403,2.376,2.388
2017-12-13,2.426,2.349,2.344,2.399
2017-12-14,2.389,2.346,2.344,2.353
2017-12-15,2.38,2.355,2.346,2.353
2017-12-18,2.398,2.392,2.364,2.369
2017-12-19,2.472,2.463,2.389,2.398
2017-12-20,2.503,2.497,2.446,2.457
2017-12-21,2.504,2.483,2.479,2.493
2017-12-22,2.492,2.488,2.477,2.484
2017-12-26,2.497,2.467,2.459,2.492
2017-12-27,2.479,2.412,2.407,2.477
2017-12-28,2.441,2.432,2.42,2.421
2017-12-29,2.441,2.411,2.405,2.434
2018-01-02,2.481,2.465,2.416,2.4289
2018-01-03,2.472,2.445,2.44,2.465
2018-01-04,2.487,2.453,2.449,2.458
2018-01-05,2.48,2.476,2.433,2.458
2018-01-08,2.489,2.482,2.462,2.48
2018-01-09,2.555,2.546,2.48,2.482
2018-01-10,2.597,2.549,2.544,2.551
2018-01-11,2.57,2.531,2.526,2.553
2018-01-12,2.594,2.552,2.542,2.549
2018-01-16,2.563,2.544,2.522,2.553
2018-01-17,2.592,2.578,2.532,2.533
2018-01-18,2.627,2.611,2.585,2.59
2018-01-19,2.663,2.639,2.613,2.624
2018-01-22,2.672,2.663,2.632,2.661
2018-01-23,2.659,2.622,2.611,2.656
2018-01-24,2.665,2.654,2.609,2.611
2018-01-25,2.676,2.621,2.615,2.65
2018-01-26,2.673,2.662,2.621,2.622
2018-01-29,2.727,2.699,2.654,2.658
2018-01-30,2.733,2.725,2.681,2.703
2018-01-31,2.754,2.72,2.696,2.72
2018-02-01,2.793,2.773,2.72,2.724
2018-02-02,2.854,2.852,2.783,2.79
2018-02-05,2.885,2.794,2.698,2.847
2018-02-06,2.807,2.766,2.648,2.73
2018-02-07,2.861,2.843,2.758,2.803
2018-02-08,2.884,2.849,2.808,2.809
2018-02-09,2.864,2.831,2.786,2.829
2018-02-12,2.902,2.855,2.828,2.902
2018-02-13,2.862,2.84,2.822,2.855
2018-02-14,2.92,2.913,2.808,2.833
2018-02-15,2.944,2.893,2.882,2.909
2018-02-16,2.911,2.877,2.849,2.909
2018-02-20,2.928,2.893,2.884,2.891
2018-02-21,2.957,2.941,2.877,2.891
2018-02-22,2.948,2.917,2.904,2.946
2018-02-23,2.937,2.871,2.861,2.926
2018-02-26,2.875,2.859,2.831,2.875
2018-02-27,2.925,2.908,2.85,2.861
2018-02-28,2.912,2.868,2.862,2.901
2018-03-01,2.875,2.802,2.795,2.866
2018-03-02,2.87,2.857,2.793,2.819
2018-03-05,2.897,2.879,2.81,2.85
2018-03-06,2.906,2.877,2.857,2.88
2018-03-07,2.888,2.883,2.842,2.848
2018-03-08,2.892,2.866,2.848,2.885
2018-03-09,2.914,2.894,2.868,2.872
2018-03-12,2.91,2.87,2.863,2.905
2018-03-13,2.883,2.848,2.83,2.872
2018-03-14,2.857,2.817,2.801,2.841
2018-03-15,2.835,2.824,2.797,2.819
2018-03-16,2.859,2.848,2.81,2.83
2018-03-19,2.879,2.845,2.833,2.857
2018-03-20,2.901,2.881,2.852,2.855
2018-03-21,2.936,2.907,2.87,2.89
2018-03-22,2.889,2.832,2.799,2.881
2018-03-23,2.852,2.826,2.792,2.806
2018-03-26,2.856,2.841,2.815,2.819
2018-03-27,2.859,2.788,2.77,2.854
2018-03-28,2.79,2.775,2.743,2.781
2018-03-29,2.792,2.744,2.739,2.784
2018-04-02,2.773,2.732,2.717,2.759
2018-04-03,2.79,2.783,2.735,2.737
2018-04-04,2.81,2.79,2.748,2.773
2018-04-05,2.838,2.832,2.805,2.808
2018-04-06,2.83,2.775,2.768,2.817
2018-04-09,2.814,2.786,2.772,2.786
2018-04-10,2.812,2.797,2.779,2.783
2018-04-11,2.805,2.79,2.755,2.803
2018-04-12,2.843,2.834,2.772,2.783
2018-04-13,2.849,2.828,2.816,2.827
2018-04-16,2.865,2.832,2.825,2.841
2018-04-17,2.849,2.814,2.814,2.832
2018-04-18,2.876,2.867,2.823,2.829
2018-04-19,2.934,2.914,2.862,2.875
2018-04-20,2.962,2.951,2.904,2.917
2018-04-23,2.998,2.973,2.962,2.968
2018-04-24,3.003,2.983,2.957,2.975
2018-04-25,3.035,3.024,2.99,2.994
2018-04-26,3.033,2.99,2.981,3.024
2018-04-27,2.988,2.957,2.955,2.987
2018-04-30,2.972,2.936,2.934,2.966
2018-05-01,2.979,2.976,2.949,2.959
2018-05-02,2.996,2.964,2.957,2.968
2018-05-03,2.978,2.946,2.927,2.97
2018-05-04,2.965,2.944,2.911,2.95
2018-05-07,2.961,2.95,2.937,2.951
2018-05-08,2.987,2.968,2.944,2.952
2018-05-09,3.014,3.004,2.976,2.976
2018-05-10,2.995,2.971,2.948,2.995
2018-05-11,2.982,2.971,2.948,2.966
2018-05-14,3.004,2.995,2.959,2.975
2018-05-15,3.095,3.08,2.997,3.004
2018-05-16,3.104,3.095,3.058,3.07
2018-05-17,3.122,3.109,3.087,3.098
2018-05-18,3.128,3.067,3.058,3.119
2018-05-21,3.084,3.065,3.054,3.08
2018-05-22,3.08,3.065,3.05,3.058
2018-05-23,3.065,3.003,2.99,3.058
2018-05-24,3.014,2.981,2.955,3.001
2018-05-25,2.997,2.935,2.922,2.975
2018-05-29,2.908,2.768,2.759,2.9
2018-05-30,2.888,2.844,2.763,2.763
2018-05-31,2.886,2.822,2.822,2.846
2018-06-01,2.926,2.895,2.86,2.862
2018-06-04,2.946,2.937,2.902,2.908
2018-06-05,2.942,2.919,2.9,2.939
2018-06-06,2.981,2.975,2.926,2.928
2018-06-07,2.994,2.933,2.884,2.977
2018-06-08,2.95,2.935,2.889,2.941
2018-06-11,2.97,2.957,2.95,2.952
2018-06-12,2.981,2.957,2.944,2.957
2018-06-13,3.01,2.979,2.95,2.961
2018-06-14,2.976,2.946,2.928,2.97
2018-06-15,2.937,2.924,2.889,2.937
2018-06-18,2.933,2.926,2.9,2.922
2018-06-19,2.904,2.893,2.853,2.897
2018-06-20,2.941,2.928,2.882,2.895
2018-06-21,2.95,2.897,2.891,2.937
2018-06-22,2.928,2.9,2.893,2.904
2018-06-25,2.897,2.875,2.866,2.893
2018-06-26,2.9,2.88,2.866,2.882
2018-06-27,2.886,2.827,2.826,2.884
2018-06-28,2.853,2.847,2.822,2.833
2018-06-29,2.868,2.851,2.833,2.844
2018-07-02,2.873,2.867,2.824,2.858
2018-07-03,2.884,2.838,2.831,2.869
2018-07-05,2.866,2.84,2.82,2.842
2018-07-06,2.849,2.831,2.807,2.831
2018-07-09,2.862,2.86,2.829,2.829
2018-07-10,2.875,2.873,2.851,2.862
2018-07-11,2.866,2.844,2.825,2.838
2018-07-12,2.871,2.853,2.845,2.853
2018-07-13,2.858,2.831,2.827,2.856
2018-07-16,2.877,2.856,2.823,2.823
2018-07-17,2.873,2.862,2.847,2.86
2018-07-18,2.882,2.875,2.847,2.864
2018-07-19,2.897,2.847,2.831,2.88
2018-07-20,2.899,2.893,2.836,2.847
2018-07-23,2.967,2.965,2.882,2.895
2018-07-24,2.973,2.95,2.945,2.958
2018-07-25,2.976,2.936,2.928,2.949
2018-07-26,2.984,2.975,2.947,2.974
2018-07-27,2.988,2.962,2.951,2.976
2018-07-30,2.99,2.975,2.958,2.962
2018-07-31,2.977,2.964,2.934,2.969
2018-08-01,3.016,3.003,2.954,2.958
2018-08-02,3.006,2.986,2.975,3.003
2018-08-03,2.997,2.952,2.951,2.993
2018-08-06,2.962,2.938,2.925,2.956
2018-08-07,2.979,2.973,2.936,2.943
2018-08-08,2.986,2.971,2.958,2.973
2018-08-09,2.964,2.935,2.924,2.959
2018-08-10,2.931,2.859,2.853,2.929
2018-08-13,2.889,2.877,2.848,2.866
2018-08-14,2.902,2.895,2.877,2.877
2018-08-15,2.9,2.851,2.837,2.9
2018-08-16,2.893,2.871,2.857,2.864
2018-08-17,2.877,2.873,2.844,2.868
2018-08-20,2.869,2.823,2.815,2.866
2018-08-21,2.853,2.844,2.819,2.824
2018-08-22,2.837,2.824,2.808,2.824
2018-08-23,2.832,2.821,2.812,2.817
2018-08-24,2.85,2.826,2.812,2.824
2018-08-27,2.851,2.85,2.815,2.821
2018-08-28,2.888,2.884,2.844,2.851
2018-08-29,2.898,2.882,2.866,2.878
2018-08-30,2.888,2.86,2.855,2.88
2018-08-31,2.868,2.853,2.831,2.86
2018-09-04,2.906,2.902,2.855,2.86
2018-09-05,2.917,2.902,2.884,2.898
2018-09-06,2.911,2.877,2.871,2.9
2018-09-07,2.95,2.942,2.871,2.875
2018-09-10,2.95,2.937,2.93,2.944
2018-09-11,2.983,2.979,2.935,2.935
2018-09-12,2.976,2.963,2.955,2.974
2018-09-13,2.983,2.964,2.944,2.964
2018-09-14,3.003,2.994,2.968,2.974
2018-09-17,3.022,3.001,2.985,2.99
2018-09-18,3.059,3.048,2.977,2.979
2018-09-19,3.092,3.083,3.044,3.055
2018-09-20,3.096,3.078,3.059,3.066
2018-09-21,3.085,3.068,3.057,3.065
2018-09-24,3.098,3.078,3.065,3.098
2018-09-25,3.113,3.102,3.087,3.089
2018-09-26,3.098,3.061,3.048,3.096
2018-09-27,3.074,3.055,3.03,3.054
2018-09-28,3.065,3.056,3.026,3.048
2018-10-01,3.095,3.08,3.063,3.067
2018-10-02,3.087,3.056,3.046,3.087
2018-10-03,3.187,3.161,3.05,3.061
2018-10-04,3.232,3.195,3.176,3.198
2018-10-05,3.248,3.227,3.187,3.193
2018-10-09,3.261,3.208,3.203,3.231
2018-10-10,3.244,3.225,3.165,3.214
2018-10-11,3.195,3.131,3.124,3.163
2018-10-12,3.184,3.141,3.131,3.154
2018-10-15,3.165,3.163,3.142,3.158
2018-10-16,3.178,3.156,3.152,3.158
2018-10-17,3.207,3.179,3.146,3.169
2018-10-18,3.217,3.175,3.16,3.207
2018-10-19,3.209,3.202,3.169,3.175
2018-10-22,3.209,3.194,3.177,3.192
2018-10-23,3.194,3.166,3.111,3.192
2018-10-24,3.17,3.124,3.094,3.17
2018-10-25,3.145,3.136,3.1,3.102
2018-10-26,3.117,3.076,3.057,3.109
2018-10-29,3.117,3.087,3.059,3.081
2018-10-30,3.125,3.109,3.083,3.087
2018-10-31,3.162,3.159,3.123,3.125
2018-11-01,3.174,3.144,3.13,3.155
2018-11-02,3.224,3.214,3.136,3.14
2018-11-05,3.212,3.199,3.186,3.208
2018-11-06,3.231,3.214,3.189,3.208
2018-11-07,3.25,3.213,3.176,3.213
2018-11-08,3.243,3.232,3.206,3.236
2018-11-09,3.236,3.189,3.18,3.232
2018-11-13,3.176,3.145,3.138,3.151
2018-11-14,3.165,3.12,3.092,3.145
2018-11-15,3.136,3.118,3.081,3.123
2018-11-16,3.123,3.074,3.065,3.11
2018-11-19,3.096,3.059,3.052,3.057
2018-11-20,3.07,3.048,3.036,3.063
2018-11-21,3.088,3.061,3.061,3.065
2018-11-23,3.076,3.054,3.032,3.068
2018-11-26,3.079,3.07,3.046,3.05
2018-11-27,3.074,3.057,3.044,3.059
2018-11-28,3.075,3.044,3.043,3.057
2018-11-29,3.052,3.035,2.997,3.048
2018-11-30,3.032,3.013,2.988,3.026
2018-12-03,3.05,2.991,2.966,3.037
2018-12-04,2.977,2.923,2.885,2.975
2018-12-06,2.924,2.876,2.826,2.917
2018-12-07,2.921,2.85,2.847,2.901
2018-12-10,2.868,2.856,2.825,2.829
2018-12-11,2.89,2.881,2.845,2.85
2018-12-12,2.917,2.906,2.879,2.884
2018-12-13,2.918,2.911,2.891,2.91
2018-12-14,2.913,2.889,2.87,2.909
2018-12-17,2.898,2.857,2.848,2.895
2018-12-18,2.861,2.823,2.818,2.859
2018-12-19,2.861,2.776,2.75,2.819
2018-12-20,2.814,2.789,2.748,2.767
2018-12-21,2.81,2.792,2.781,2.801
2018-12-24,2.826,2.753,2.733,2.826
2018-12-26,2.815,2.797,2.72,2.751
2018-12-27,2.806,2.743,2.733,2.803
2018-12-28,2.781,2.738,2.713,2.768
2018-12-31,2.745,2.691,2.679,2.73
2019-01-02,2.697,2.661,2.622,2.686
2019-01-03,2.656,2.553,2.545,2.618
2019-01-04,2.678,2.659,2.543,2.564
2019-01-07,2.701,2.682,2.632,2.666
2019-01-08,2.733,2.715,2.687,2.692
2019-01-09,2.747,2.728,2.71,2.73
2019-01-10,2.747,2.731,2.678,2.71
2019-01-11,2.74,2.699,2.681,2.731
2019-01-14,2.711,2.71,2.66,2.676
2019-01-15,2.722,2.708,2.679,2.704
2019-01-16,2.743,2.729,2.704,2.713
2019-01-17,2.761,2.747,2.698,2.72
2019-01-18,2.799,2.782,2.743,2.747
2019-01-22,2.779,2.732,2.727,2.775
2019-01-23,2.779,2.755,2.734,2.739
2019-01-24,2.753,2.712,2.701,2.744
2019-01-25,2.76,2.751,2.719,2.721
2019-01-28,2.766,2.744,2.728,2.755
2019-01-29,2.747,2.712,2.706,2.742
2019-01-30,2.735,2.695,2.676,2.715
2019-01-31,2.685,2.635,2.619,2.683
2019-02-01,2.697,2.691,2.624,2.645
2019-02-04,2.734,2.724,2.684,2.693
2019-02-05,2.74,2.704,2.688,2.718
2019-02-06,2.704,2.7,2.673,2.704
2019-02-07,2.698,2.654,2.65,2.697
2019-02-08,2.659,2.632,2.625,2.657
2019-02-11,2.67,2.661,2.636,2.638
2019-02-12,2.691,2.684,2.654,2.654
2019-02-13,2.715,2.706,2.681,2.693
2019-02-14,2.713,2.659,2.643,2.698
2019-02-15,2.688,2.666,2.645,2.659
2019-02-19,2.675,2.645,2.634,2.675
2019-02-20,2.659,2.652,2.627,2.641
2019-02-21,2.697,2.688,2.641,2.645
2019-02-22,2.688,2.655,2.638,2.688
2019-02-25,2.684,2.673,2.655,2.668
2019-02-26,2.668,2.636,2.632,2.663
2019-02-27,2.699,2.693,2.628,2.634
2019-02-28,2.731,2.711,2.659,2.675
2019-03-01,2.768,2.755,2.711,2.719
2019-03-04,2.768,2.722,2.719,2.766
2019-03-05,2.75,2.722,2.715,2.728
2019-03-06,2.72,2.692,2.679,2.719
2019-03-07,2.693,2.636,2.636,2.69
2019-03-08,2.652,2.625,2.607,2.645
2019-03-11,2.659,2.641,2.623,2.63
2019-03-12,2.674,2.605,2.596,2.657
2019-03-13,2.628,2.61,2.605,2.607
2019-03-14,2.645,2.63,2.611,2.621
2019-03-15,2.638,2.593,2.58,2.628
2019-03-18,2.611,2.601,2.585,2.594
2019-03-19,2.634,2.612,2.591,2.603
2019-03-20,2.618,2.537,2.524,2.616
2019-03-21,2.546,2.539,2.5,2.524
2019-03-22,2.539,2.455,2.418,2.539
2019-03-25,2.473,2.418,2.377,2.453
2019-03-26,2.453,2.412,2.402,2.414
2019-03-27,2.432,2.372,2.352,2.425
2019-03-28,2.405,2.389,2.34,2.365
2019-03-29,2.433,2.414,2.391,2.393
2019-04-01,2.508,2.497,2.424,2.43
2019-04-02,2.492,2.479,2.467,2.488
2019-04-03,2.528,2.517,2.469,2.472
2019-04-04,2.526,2.51,2.496,2.517
2019-04-05,2.544,2.499,2.494,2.515
2019-04-08,2.524,2.519,2.486,2.503
2019-04-09,2.527,2.499,2.485,2.519
2019-04-10,2.511,2.477,2.463,2.501
2019-04-11,2.51,2.504,2.47,2.474
2019-04-12,2.567,2.56,2.49,2.499
2019-04-15,2.574,2.553,2.547,2.558
2019-04-16,2.596,2.594,2.547,2.556
2019-04-17,2.614,2.592,2.579,2.585
2019-04-18,2.589,2.558,2.549,2.587
2019-04-22,2.592,2.59,2.558,2.558
2019-04-23,2.594,2.57,2.563,2.587
2019-04-24,2.572,2.522,2.518,2.572
2019-04-25,2.542,2.534,2.516,2.523
2019-04-26,2.545,2.504,2.495,2.529
2019-04-29,2.541,2.536,2.504,2.509
2019-04-30,2.55,2.507,2.502,2.527
2019-05-01,2.52,2.511,2.455,2.509
2019-05-02,2.558,2.552,2.509,2.522
2019-05-03,2.578,2.53,2.514,2.545
2019-05-06,2.503,2.5,2.473,2.482
2019-05-07,2.501,2.448,2.444,2.48
2019-05-08,2.491,2.482,2.426,2.457
2019-05-09,2.48,2.457,2.424,2.476
2019-05-10,2.473,2.455,2.426,2.455
2019-05-13,2.442,2.405,2.389,2.433
2019-05-14,2.428,2.419,2.394,2.401
2019-05-15,2.419,2.379,2.361,2.409
2019-05-16,2.416,2.405,2.354,2.373
2019-05-17,2.409,2.393,2.364,2.396
2019-05-20,2.419,2.414,2.38,2.4
2019-05-21,2.441,2.426,2.407,2.416
2019-05-22,2.434,2.393,2.38,2.426
2019-05-23,2.386,2.296,2.292,2.386
2019-05-24,2.334,2.329,2.308,2.32
2019-05-28,2.317,2.268,2.262,2.308
2019-05-29,2.267,2.236,2.21,2.266
2019-05-30,2.285,2.225,2.211,2.262
2019-05-31,2.194,2.142,2.126,2.191
2019-06-03,2.135,2.081,2.061,2.126
2019-06-04,2.147,2.121,2.083,2.083
2019-06-05,2.136,2.123,2.078,2.131
2019-06-06,2.136,2.123,2.092,2.126
2019-06-07,2.133,2.084,2.053,2.128
2019-06-10,2.152,2.141,2.112,2.122
2019-06-11,2.178,2.14,2.138,2.141
2019-06-12,2.143,2.127,2.11,2.138
2019-06-13,2.129,2.091,2.082,2.124
2019-06-14,2.11,2.094,2.058,2.086
2019-06-17,2.115,2.086,2.079,2.092
2019-06-18,2.098,2.058,2.016,2.091
2019-06-19,2.099,2.027,2.02,2.063
2019-06-20,2.039,2.001,1.974,2.027
2019-06-21,2.069,2.066,1.999,2.018
2019-06-24,2.066,2.019,2.014,2.059
2019-06-25,2.025,1.992,1.982,2.014
2019-06-26,2.052,2.049,1.997,1.999
2019-06-27,2.073,2.005,2.004,2.045
2019-06-28,2.033,2.0,1.998,2.017
2019-07-01,2.048,2.033,2.005,2.045
2019-07-02,2.024,1.977,1.974,2.017
2019-07-03,1.972,1.955,1.939,1.972
2019-07-05,2.068,2.044,1.941,1.945
2019-07-08,2.053,2.034,2.01,2.041
2019-07-09,2.072,2.056,2.034,2.039
2019-07-10,2.113,2.061,2.039,2.067
2019-07-11,2.15,2.12,2.037,2.053
2019-07-12,2.15,2.106,2.105,2.136
2019-07-15,2.15,2.092,2.087,2.15
2019-07-16,2.143,2.12,2.083,2.09
2019-07-17,2.111,2.061,2.043,2.108
2019-07-18,2.078,2.04,2.023,2.054
2019-07-19,2.064,2.05,2.035,2.042
2019-07-22,2.067,2.043,2.027,2.057
2019-07-23,2.085,2.074,2.043,2.05
2019-07-24,2.085,2.05,2.038,2.085
2019-07-25,2.1,2.074,2.011,2.043
2019-07-26,2.1,2.081,2.063,2.081
2019-07-29,2.07,2.055,2.048,2.067
2019-07-30,2.075,2.061,2.04,2.062
2019-07-31,2.072,2.021,2.006,2.058
2019-08-01,2.061,1.892,1.876,2.025
2019-08-02,1.912,1.855,1.832,1.897
2019-08-05,1.859,1.736,1.709,1.855
2019-08-06,1.773,1.739,1.672,1.677
2019-08-07,1.736,1.682,1.595,1.696
2019-08-08,1.793,1.715,1.705,1.709
2019-08-09,1.748,1.734,1.679,1.698
2019-08-12,1.748,1.64,1.628,1.748
2019-08-13,1.717,1.68,1.618,1.654
2019-08-14,1.695,1.581,1.574,1.693
2019-08-15,1.594,1.527,1.475,1.589
2019-08-16,1.594,1.54,1.508,1.523
2019-08-19,1.625,1.598,1.569,1.572
2019-08-20,1.598,1.559,1.54,1.591
2019-08-21,1.61,1.577,1.547,1.557
2019-08-22,1.628,1.61,1.555,1.588
2019-08-23,1.663,1.527,1.506,1.613
2019-08-26,1.549,1.544,1.443,1.478
2019-08-27,1.537,1.49,1.471,1.53
2019-08-28,1.49,1.468,1.446,1.479
2019-08-29,1.535,1.516,1.444,1.468
2019-08-30,1.543,1.506,1.493,1.496
2019-09-03,1.537,1.466,1.429,1.508
2019-09-04,1.499,1.459,1.451,1.452
2019-09-05,1.591,1.565,1.469,1.472
2019-09-06,1.608,1.55,1.54,1.559
2019-09-09,1.649,1.622,1.553,1.559
2019-09-10,1.745,1.702,1.62,1.647
2019-09-11,1.752,1.733,1.707,1.73
2019-09-12,1.801,1.791,1.668,1.766
2019-09-13,1.908,1.899,1.766,1.777
2019-09-16,1.899,1.843,1.814,1.899
2019-09-17,1.849,1.814,1.794,1.845
2019-09-18,1.819,1.784,1.744,1.805
2019-09-19,1.821,1.774,1.749,1.796
2019-09-20,1.794,1.753,1.716,1.781
2019-09-23,1.767,1.708,1.664,1.737
2019-09-24,1.723,1.635,1.628,1.722
2019-09-25,1.739,1.732,1.63,1.649
2019-09-26,1.727,1.685,1.675,1.727
2019-09-27,1.725,1.673,1.673,1.692
2019-09-30,1.713,1.673,1.665,1.685
2019-10-01,1.757,1.644,1.613,1.67
2019-10-02,1.668,1.597,1.58,1.639
2019-10-03,1.599,1.536,1.509,1.592
2019-10-04,1.556,1.514,1.507,1.536
2019-10-07,1.566,1.553,1.505,1.515
2019-10-08,1.592,1.539,1.51,1.556
2019-10-09,1.594,1.587,1.526,1.531
2019-10-10,1.672,1.656,1.546,1.558
2019-10-11,1.767,1.753,1.64,1.663
2019-10-15,1.778,1.769,1.675,1.713
2019-10-16,1.769,1.745,1.719,1.766
2019-10-17,1.799,1.755,1.722,1.732
2019-10-18,1.776,1.75,1.729,1.748
2019-10-21,1.805,1.792,1.738,1.74
2019-10-22,1.81,1.766,1.762,1.805
2019-10-23,1.77,1.759,1.731,1.762
2019-10-24,1.784,1.766,1.738,1.761
2019-10-25,1.814,1.801,1.749,1.757
2019-10-28,1.86,1.853,1.801,1.803
2019-10-29,1.86,1.835,1.823,1.851
2019-10-30,1.851,1.796,1.771,1.837
2019-10-31,1.791,1.691,1.681,1.775
2019-11-01,1.745,1.728,1.67,1.689
2019-11-04,1.793,1.788,1.74,1.754
2019-11-05,1.873,1.865,1.788,1.798
2019-11-06,1.858,1.812,1.807,1.857
2019-11-07,1.973,1.922,1.803,1.82
2019-11-08,1.956,1.933,1.895,1.921
2019-11-12,1.959,1.909,1.905,1.923
2019-11-13,1.931,1.869,1.863,1.929
2019-11-14,1.893,1.815,1.805,1.884
2019-11-15,1.853,1.834,1.819,1.831
2019-11-18,1.857,1.808,1.795,1.826
2019-11-19,1.827,1.786,1.777,1.814
2019-11-20,1.777,1.738,1.728,1.769
2019-11-21,1.786,1.772,1.707,1.735
2019-11-22,1.789,1.774,1.745,1.771
2019-11-25,1.793,1.764,1.752,1.777
2019-11-26,1.779,1.74,1.731,1.76
2019-11-27,1.778,1.767,1.738,1.747
2019-11-29,1.796,1.776,1.759,1.779
2019-12-02,1.86,1.836,1.796,1.796
2019-12-03,1.847,1.709,1.693,1.821
2019-12-04,1.791,1.781,1.699,1.724
2019-12-05,1.822,1.795,1.759,1.772
2019-12-06,1.864,1.843,1.788,1.807
2019-12-09,1.845,1.831,1.805,1.843
2019-12-10,1.849,1.831,1.8,1.819
2019-12-11,1.842,1.79,1.781,1.84
2019-12-12,1.924,1.899,1.778,1.796
2019-12-13,1.95,1.821,1.816,1.946
2019-12-16,1.894,1.889,1.829,1.833
2019-12-17,1.894,1.889,1.852,1.87
2019-12-18,1.934,1.924,1.864,1.885
2019-12-19,1.952,1.908,1.898,1.922
2019-12-20,1.947,1.917,1.912,1.924
2019-12-23,1.94,1.935,1.894,1.921
2019-12-24,1.949,1.908,1.901,1.928
2019-12-26,1.921,1.905,1.893,1.908
2019-12-27,1.901,1.873,1.87,1.898
2019-12-30,1.94,1.895,1.872,1.875
2019-12-31,1.93,1.91,1.884,1.893
2020-01-02,1.946,1.882,1.851,1.919
2020-01-03,1.844,1.788,1.786,1.842
2020-01-06,1.816,1.811,1.76,1.769
2020-01-07,1.828,1.825,1.795,1.813
2020-01-08,1.877,1.874,1.705,1.767
2020-01-09,1.9,1.858,1.849,1.87
2020-01-10,1.869,1.827,1.816,1.858
2020-01-13,1.858,1.848,1.82,1.82
2020-01-14,1.863,1.818,1.811,1.851
2020-01-15,1.818,1.788,1.78,1.807
2020-01-16,1.82,1.809,1.776,1.792
2020-01-17,1.849,1.835,1.813,1.823
2020-01-21,1.825,1.769,1.766,1.823
2020-01-22,1.793,1.771,1.759,1.783
2020-01-23,1.766,1.739,1.713,1.764
2020-01-24,1.762,1.68,1.67,1.741
2020-01-27,1.655,1.605,1.598,1.63
2020-01-28,1.663,1.641,1.57,1.612
2020-01-29,1.667,1.594,1.579,1.648
2020-01-30,1.594,1.555,1.534,1.587
2020-01-31,1.599,1.519,1.503,1.582
2020-02-03,1.575,1.52,1.512,1.514
2020-02-04,1.618,1.601,1.517,1.52
2020-02-05,1.661,1.649,1.575,1.604
2020-02-06,1.684,1.644,1.633,1.649
2020-02-07,1.649,1.577,1.571,1.644
2020-02-10,1.599,1.547,1.542,1.561
2020-02-11,1.604,1.59,1.571,1.573
2020-02-12,1.638,1.63,1.597,1.607
2020-02-13,1.626,1.617,1.568,1.607
2020-02-14,1.616,1.588,1.573,1.609
2020-02-18,1.58,1.556,1.537,1.576
2020-02-19,1.587,1.57,1.547,1.571
2020-02-20,1.585,1.525,1.507,1.578
2020-02-21,1.524,1.47,1.439,1.515
2020-02-24,1.456,1.377,1.352,1.456
2020-02-25,1.416,1.33,1.307,1.387
2020-02-26,1.382,1.31,1.301,1.359
2020-02-27,1.335,1.299,1.241,1.33
2020-02-28,1.289,1.126,1.116,1.282
2020-03-02,1.168,1.088,1.03,1.105
2020-03-03,1.173,1.017,0.906,1.163
2020-03-04,1.064,0.992,0.931,0.984
2020-03-05,1.054,0.925,0.899,1.054
2020-03-06,0.92,0.707,0.66,0.918
2020-03-09,0.603,0.498,0.318,0.501
2020-03-10,0.813,0.752,0.565,0.617
2020-03-11,0.895,0.822,0.638,0.759
2020-03-12,0.909,0.852,0.636,0.849
2020-03-13,1.023,0.954,0.725,0.823
2020-03-16,0.859,0.728,0.634,0.668
2020-03-17,1.105,0.996,0.74,0.747
2020-03-18,1.266,1.258,0.989,1.044
2020-03-19,1.279,1.129,1.007,1.149
2020-03-20,1.283,0.938,0.849,1.125
2020-03-23,0.879,0.767,0.692,0.791
2020-03-24,0.898,0.818,0.774,0.775
2020-03-25,0.878,0.856,0.783,0.853
2020-03-26,0.859,0.808,0.77,0.827
2020-03-27,0.854,0.744,0.67,0.84
